STT,Tuần,Ngày,Tên bài học,Mẫu ngữ pháp,Mẫu ngữ pháp (Furigana),Cấu trúc,Ý nghĩa,Giải thích & Hướng dẫn,Ví dụ minh họa,Ví dụ (Furigana),URL bài học
1,Tuần 1,Ngày 1,第1週 (1) – 僕にもやらせて,～ 書 かれている,～ 書(か) かれている,Vれる（ 受身 ）,"Bị, được (Bị động)",Dùng tường thuật lại một sự việc mà được thực hiện bởi một chủ thể khác (chủ thể bị ẩn) Nói về những việc được biết đến rộng rãi. Tham khảo: Ôn tập lại cách chia Động từ ở Thể Bị Động ( 受身形 ）： Xem Ôn lại các mẫu ngữ pháp có sử dụng Thể Bị Động ( 受身形 ）： Xem,"1. この 本 には、くわしい 説明 は 書 かれていません。
   👉 Trong cuốn sách này thì hướng dẫn chi tiết không có được viết ra
2. 入学式 は、このホールで 行 われます。
   👉 Lễ nhập học được tổ chức tại hội trường này
3. これは、 世界 でいちばん 大 きいダイヤモンドだと 言 われています。
   👉 Cái này được nói là kim cương to nhất thế giới
4. 昔 は、その 考 えが 正 しいと 思 われていた。
   👉 Ngày xưa suy nghĩ đó được xem là đúng đắn","1. この 本(ほん) には、くわしい 説明(せつめい) は 書(か) かれていません。
   👉 Trong cuốn sách này thì hướng dẫn chi tiết không có được viết ra
2. 入学式(にゅうがくしき) は、このホールで 行(おこな) われます。
   👉 Lễ nhập học được tổ chức tại hội trường này
3. これは、 世界(せかい) でいちばん 大(おお) きいダイヤモンドだと 言(い) われています。
   👉 Cái này được nói là kim cương to nhất thế giới
4. 昔(むかし) は、その 考(かんが) えが 正(ただ) しいと 思(おも) われていた。
   👉 Ngày xưa suy nghĩ đó được xem là đúng đắn",https://www.vnjpclub.com/somatome-n3-ngu-phap/tuan-1.html
2,Tuần 1,Ngày 1,第1週 (1) – 僕にもやらせて,～ 赤 ちゃんに泣かれた,～ 赤(あか) ちゃんに泣かれた,（Nに）Vれる,Bị (cái gì đó/ai đó),"Vれてしまった: Bị…mất rồi (ý tiếc nuối, khổ sở) Thường dùng nói đến những tình huống gặp khó khăn, khổ sở do bởi một yếu tố nào đó. Tham khảo: Ôn tập lại cách chia Động từ ở Thể Bị Động ( 受身形 ）： Xem","1. 友 だちの 赤 ちゃんを 抱 っこしたら、 泣 かれてしまった。
   👉 Khi bế con của bạn thì đã bị nó khóc ré lên
2. 雨 に 降 られて、 服 がぬれてしまった。
   👉 Bị mắc mưa rơi quần áo ướt mất rồi.
3. 父 に 死 なれて、 大学 を 続 けられなくなりました。
   👉 Bố mất nên đã không thể tiếp tục đại học","1. 友(とも) だちの 赤(あか) ちゃんを 抱(だ) っこしたら、 泣(な) かれてしまった。
   👉 Khi bế con của bạn thì đã bị nó khóc ré lên
2. 雨(あめ) に 降(ふ) られて、 服(ふく) がぬれてしまった。
   👉 Bị mắc mưa rơi quần áo ướt mất rồi.
3. 父(ちち) に 死(し) なれて、 大学(だいがく) を 続(つづ) けられなくなりました。
   👉 Bố mất nên đã không thể tiếp tục đại học",https://www.vnjpclub.com/somatome-n3-ngu-phap/tuan-1.html
3,Tuần 1,Ngày 1,第1週 (1) – 僕にもやらせて,～ 早 く 帰 らせてください,～ 早(はや) く 帰(かえ) らせてください,V（させて） ください もらえますか もらえませんか,Có thể cho phép tôi ~ được không?,Dùng để xin phép đối phương cho mình làm một việc gì đó. Cùng có ý như nhau nhưng mức độ lịch sự sẽ khác nhau. Cụ thể: Vさせて ください ＜ Vさせて もらえます ＜ Vさせて もらえませんか。 Tham khảo: Ôn tập lại cách chia Động từ ở Thể Sai Khiến ( 使役 形 ）： Xem,"1. ちょっと 気 分 が 悪 いので、 早 く 帰 らせてください。
   👉 Vì không khỏe lắm nên xin phép cho tôi về sớm nhé.
2. あなたの 会社 のお 話 を 聞 かせてください。
   👉 Xin hãy kể cho tôi nghe chuyện của công ty bạn.
3. 手 を 洗 わせてください。
   👉 Xin hãy cho phép cho tôi rửa tay","1. ちょっと 気(き) 分(ぶ) が 悪(わる) いので、 早(はや) く 帰(かえ) らせてください。
   👉 Vì không khỏe lắm nên xin phép cho tôi về sớm nhé.
2. あなたの 会社(かいしゃ) のお 話(はなし) を 聞(き) かせてください。
   👉 Xin hãy kể cho tôi nghe chuyện của công ty bạn.
3. 手(て) を 洗(あら) わせてください。
   👉 Xin hãy cho phép cho tôi rửa tay",https://www.vnjpclub.com/somatome-n3-ngu-phap/tuan-1.html
4,Tuần 1,Ngày 2,第1週 (2) – そこに置いといて,～もう 寝 ないと,～もう 寝(ね) ないと,Vないと／Vなくちゃ,"Phải, bắt buộc (làm gì…) / Nếu không làm gì đó thì…","Dùng để nói đến những hành động bản thân nhận thức là phải làm, bắt buộc làm, không làm không được (cách nói cảm thán rút gọn của なければなりません)","1. 明日 は 早 く 出 かけるから、もう 寝 ないと。
   👉 Ngày mai vì đi ra ngoài sớm nên không ngủ sớm là không được rồi. (Phải ngủ).
2. 試験 まであと1 ヶ月 だ。がんばって 勉強 しないと。
   👉 Còn một tháng nửa là đến kỳ thi. Không cố gắng học là không xong đâu.
3. 田中 さんにメールの 返信 をしなくちゃ。
   👉 Phải trả lời mail cho Tanaka.","1. 明日(あした) は 早(はや) く 出(で) かけるから、もう 寝(ね) ないと。
   👉 Ngày mai vì đi ra ngoài sớm nên không ngủ sớm là không được rồi. (Phải ngủ).
2. 試験(しけん) まであと1 ヶ月(かげつ) だ。がんばって 勉強(べんきょう) しないと。
   👉 Còn một tháng nửa là đến kỳ thi. Không cố gắng học là không xong đâu.
3. 田中(たなか) さんにメールの 返信(へんしん) をしなくちゃ。
   👉 Phải trả lời mail cho Tanaka.",https://www.vnjpclub.com/somatome-n3-ngu-phap/tuan-1-2.html
5,Tuần 1,Ngày 2,第1週 (2) – そこに置いといて,～ 食 べちゃった,～ 食(た) べちゃった,V てしまう + ちゃう V でしまう + じゃう,Làm gì đó mất rồi.,"Đây là cách nói ngắn gọn của Vてしまう. Vてしまう có 3 ý nghĩa: Đã hoàn thành xong một viêc gì đó. Đang làm lỡ dở một việc gì đó. Lỡ, tiếc nuối về sự việc đã xảy ra Tham khảo các mẫu ngữ pháp có sử dụng Vてしまう: Xem","1. 「あれ？ここにあったチョコレートは？」
   👉 Ủa? Socola mới ở đây đâu rồi?
2. 「あ、 食 べちゃった。いけなかった？」
   👉 A, ăn mất rồi. Không được hả?
3. 試験 が 終 わった！ 今日 は 飲 んじゃおう！
   👉 Kỳ thi kết thúc rồi! Hôm nay hãy đi uống thôi.
4. もしもし、すみません。 車 が 混 んじゃって・・・すこし 遅 れます。
   👉 Alo, xin lỗi. Xe đông quá nên tôi hơi trễ một chút","1. 「あれ？ここにあったチョコレートは？」
   👉 Ủa? Socola mới ở đây đâu rồi?
2. 「あ、 食(た) べちゃった。いけなかった？」
   👉 A, ăn mất rồi. Không được hả?
3. 試験(しけん) が 終(お) わった！ 今日(きょう) は 飲(の) んじゃおう！
   👉 Kỳ thi kết thúc rồi! Hôm nay hãy đi uống thôi.
4. もしもし、すみません。 車(くるま) が 混(こ) んじゃって・・・すこし 遅(おく) れます。
   👉 Alo, xin lỗi. Xe đông quá nên tôi hơi trễ một chút",https://www.vnjpclub.com/somatome-n3-ngu-phap/tuan-1-2.html
6,Tuần 1,Ngày 2,第1週 (2) – そこに置いといて,～ 書 いとく,～ 書(か) いとく,Vておく + とく Vでおく + どく V ておかない + Vとかない,"Làm sẵn, làm trước việc gì",Đây là cách nói ngắn gọn của Vておく. Vておく có 3 ý nghĩa: Chuẩn bị sẵn trước một việc gì đó. Xử lý công viêc. Giữ nguyên hiện trạng. Tham khảo các mẫu ngữ pháp có sử dụng Vておく: Xem,"1. テストで 間違 ったところを、ノートに 書 いとこう。
   👉 Viết lại vào vở những chỗ sai trong bài kiểm tra
2. これ 洗濯 しといて。
   👉 Giặt sẵn cái này đi.
3. トイレットペーパーがもうすぐなくなるから、 買 っとかないと。
   👉 Vì giấy toilet gần hết rồi nên phải mua dành sẵn thôi","1. テストで 間違(まちが) ったところを、ノートに 書(か) いとこう。
   👉 Viết lại vào vở những chỗ sai trong bài kiểm tra
2. これ 洗濯(せんたく) しといて。
   👉 Giặt sẵn cái này đi.
3. トイレットペーパーがもうすぐなくなるから、 買(か) っとかないと。
   👉 Vì giấy toilet gần hết rồi nên phải mua dành sẵn thôi",https://www.vnjpclub.com/somatome-n3-ngu-phap/tuan-1-2.html
7,Tuần 1,Ngày 3,第1週 (3) – 女らしい,～ 女 みたいだ,～ 女(おんな) みたいだ,N だ ／V（ 普通 形 ）／A + みたいだ／みたいに V（ 普通 形 ）／A + みたいな + N,"Giống như, trông có vẻ","Dùng trong văn nói để miêu tả về người, sự vật mang vẻ, dáng dấp gì đó mà đối phương so sánh được","1. 彼 の 話 し 方 は、 女 みたいだ。
   👉 Cách nói chuyện của anh ấy giống như con gái
2. ここの 砂 は 星 みたいな 形 をしている。
   👉 Tôi đang làm cát ở đây thành hình giống ngôi sao.
3. このアパートはだれも 住 んでいないみたいだ。
   👉 Căn hộ này giống như không có ai ở cả
4. 明日 は 雨 みたいね。
   👉 Ngày mai có vẻ sẽ mưa
5. リンさんみたいに 日本語 がうまくなりたい。
   👉 Tôi muốn mình có thể giỏi tiếng Nhật như Lin","1. 彼(かれ) の 話(はな) し 方(かた) は、 女(おんな) みたいだ。
   👉 Cách nói chuyện của anh ấy giống như con gái
2. ここの 砂(すな) は 星(ほし) みたいな 形(かたち) をしている。
   👉 Tôi đang làm cát ở đây thành hình giống ngôi sao.
3. このアパートはだれも 住(す) んでいないみたいだ。
   👉 Căn hộ này giống như không có ai ở cả
4. 明日(あした) は 雨(あめ) みたいね。
   👉 Ngày mai có vẻ sẽ mưa
5. リンさんみたいに 日本語(にほんご) がうまくなりたい。
   👉 Tôi muốn mình có thể giỏi tiếng Nhật như Lin",https://www.vnjpclub.com/somatome-n3-ngu-phap/tuan-1-3.html
8,Tuần 1,Ngày 3,第1週 (3) – 女らしい,～ 春 らしい,～ 春(はる) らしい,Nらしい,"Có vẻ (nam tính, nữ tính, trẻ con….)",Dùng trong văn nói. Dùng khi muốn miêu tả đặc tính mà mình cảm nhận được từ sự vật sự việc,"1. 今日 は、 春 らしい 暖 かい 日 でした。
   👉 Hôm nay là ngày ấm áp có vẻ mùa xuân
2. 私 は 女性 らしい 洋服 はあまり 着 ない。
   👉 Tôi không hay mặc những bộ đồ có vẻ nữ tính","1. 今日(きょう) は、 春(はる) らしい 暖(あたた) かい 日(ひ) でした。
   👉 Hôm nay là ngày ấm áp có vẻ mùa xuân
2. 私(わたし) は 女性(じょせい) らしい 洋服(ようふく) はあまり 着(き) ない。
   👉 Tôi không hay mặc những bộ đồ có vẻ nữ tính",https://www.vnjpclub.com/somatome-n3-ngu-phap/tuan-1-3.html
9,Tuần 1,Ngày 3,第1週 (3) – 女らしい,～ 大人 っぽい,～ 大人(おとな) っぽい,Nっぽい,"Tràn, đầy, đậm chất","Thường dùng trong văn nói. Dùng để nói đến sự vật, sự việc, con người với đặc điểm thấm đẫm một tính chất nào đó.","1. あの 小学生 は、 大人 っぽい。
   👉 Học sinh tiểu học kia người lớn quá
2. この 料理 は 油 っぽくていやだ。
   👉 Món ăn này đầy dầu nên tôi không thích","1. あの 小学生(しょうがくせい) は、 大人(おとな) っぽい。
   👉 Học sinh tiểu học kia người lớn quá
2. この 料理(りょうり) は 油(あぶら) っぽくていやだ。
   👉 Món ăn này đầy dầu nên tôi không thích",https://www.vnjpclub.com/somatome-n3-ngu-phap/tuan-1-3.html
10,Tuần 1,Ngày 4,第1週 (4) – できるようになった,～ 忘 れ 物 をしないようにしましょう,～ 忘(わす) れ 物(もの) をしないようにしましょう,Vる／Vない + ようにする,"Cố gắng làm gì, thường xuyên làm gì","Dùng để nói sự nỗ lực, dự định hoặc thói quen thực hiện hành động nào đó","1. 忘 れ 物 をしないようにしましょう。
   👉 Hãy cố gắng đừng để quên đồ
2. 毎食後 、 歯 をみがくようにしています。
   👉 Mỗi ngày sau bữa ăn thì đánh răng","1. 忘(わす) れ 物(もの) をしないようにしましょう。
   👉 Hãy cố gắng đừng để quên đồ
2. 毎食後(まいしょくご) 、 歯(は) をみがくようにしています。
   👉 Mỗi ngày sau bữa ăn thì đánh răng",https://www.vnjpclub.com/somatome-n3-ngu-phap/tuan-1-4.html
11,Tuần 1,Ngày 4,第1週 (4) – できるようになった,～ 聞 こえるようにする,～ 聞(き) こえるようにする,Vる／Vない／Vれる + ように,"Để, nhằm","Dùng để chỉ mục đích của hành động thực hiện sau đó KHông dùng được với động từ là tha động từ, động từ mang ý chủ động. Thường dùng với động từ ở thể khả năng, tự động từ","1. みんなに 聞 こえるようにもっと 大 きな 声 で 話 してください。
   👉 Hãy nói lớn lên để mọi người nghe thấy
2. 忘 れないように、 手帳 に 書 いておこう。
   👉 Viết sẵn vào sổ tay để không quên
3. 家 を 買 う ように ために 貯金 をしている。
   👉 Dành tiền để mua nhà
4. 働 く ように ために 学校 をやめた。
   👉 Bỏ học để đi làm","1. みんなに 聞(き) こえるようにもっと 大(おお) きな 声(こえ) で 話(はな) してください。
   👉 Hãy nói lớn lên để mọi người nghe thấy
2. 忘(わす) れないように、 手帳(てちょう) に 書(か) いておこう。
   👉 Viết sẵn vào sổ tay để không quên
3. 家(いえ) を 買(か) う ように ために 貯金(ちょきん) をしている。
   👉 Dành tiền để mua nhà
4. 働(はたら) く ように ために 学校(がっこう) をやめた。
   👉 Bỏ học để đi làm",https://www.vnjpclub.com/somatome-n3-ngu-phap/tuan-1-4.html
12,Tuần 1,Ngày 4,第1週 (4) – できるようになった,～ 使 えるようになった,～ 使(つか) えるようになった,Vるようになる,Trở nên như thế nào,"Dùng diễn tả sự biến đổi của sự vật, chủ thể thành một trạng thái khác. Thường dùng với tự động từ, động từ ở thể khả năng","1. 「このDVDプレーヤー、こわれているんだよね。」
   👉 Cái máy DVD player này hỏng rồi nhỉ
2. 「いや、 直 してもらったから、 使 えるようになったよ。」
   👉 Không, vì đã sửa cho rồi nên đã trở nên có thể dùng được rồi
3. ここの 電気 は 人 が 通 るとつくようになっています。
   👉 Điện ở đây trở nên sáng lên khi có người đi qua","1. 「このDVDプレーヤー、こわれているんだよね。」
   👉 Cái máy DVD player này hỏng rồi nhỉ
2. 「いや、 直(なお) してもらったから、 使(つか) えるようになったよ。」
   👉 Không, vì đã sửa cho rồi nên đã trở nên có thể dùng được rồi
3. ここの 電気(でんき) は 人(ひと) が 通(とお) るとつくようになっています。
   👉 Điện ở đây trở nên sáng lên khi có người đi qua",https://www.vnjpclub.com/somatome-n3-ngu-phap/tuan-1-4.html
13,Tuần 1,Ngày 5,第1週 (5) – 言ったように,～ご 存 じのように,～ご 存(ぞん) じのように,V（ 普通 形 ）／Nの + ように,"Như là …., giống như là",Thường dùng để làm lời mở đầu trước khi giải thích về vấn đề gì đó Ngoài ra còn dùng trong việc hướng dẫn người khác làm gì,"1. 皆様 ご 存 じのように、 試験 の 内容 が 変 わります。
   👉 Như các vị đã biết, nội dung buổi thi sẽ thay đổi
2. ここに 書 いてあるように、 今度 の 木曜日 、 授業 は 午前中 だけです。
   👉 Như có viết ở đây, thứ năm tới đây, tiết học sẽ chỉ có trong buổi sáng.
3. 前 にお 話 ししたように、 来年 から 授業料 が 値 上 がりします。
   👉 Như đã nói trước, từ năm sau học phí sẽ tăng lên","1. 皆様(みなさま) ご 存(ぞん) じのように、 試験(しけん) の 内容(ないよう) が 変(か) わります。
   👉 Như các vị đã biết, nội dung buổi thi sẽ thay đổi
2. ここに 書(か) いてあるように、 今度(こんど) の 木曜日(もくようび) 、 授業(じゅぎょう) は 午前中(ごぜんちゅう) だけです。
   👉 Như có viết ở đây, thứ năm tới đây, tiết học sẽ chỉ có trong buổi sáng.
3. 前(まえ) にお 話(はなし) ししたように、 来年(らいねん) から 授業料(じゅぎょうりょう) が 値(ね) 上(あ) がりします。
   👉 Như đã nói trước, từ năm sau học phí sẽ tăng lên",https://www.vnjpclub.com/somatome-n3-ngu-phap/tuan-1-5.html
14,Tuần 1,Ngày 5,第1週 (5) – 言ったように,～ 早 くように,～ 早(はや) くように,Vる／Vない + ように,Hãy…làm gì/ Không được làm gì,"Dùng để yêu cầu, chỉ định người khác (bậc dưới) làm gì","1. 「 明日 はもっと 早 く 来 るように。」
   👉 Ngày mai hãy đến sớm hơn nữa
2. 「わかりました。」
   👉 Tôi hiểu rồi
3. ここでたばこを 吸 わないように。
   👉 Đừng hút thuốc ở đây","1. 「 明日(あした) はもっと 早(はや) く 来(く) るように。」
   👉 Ngày mai hãy đến sớm hơn nữa
2. 「わかりました。」
   👉 Tôi hiểu rồi
3. ここでたばこを 吸(す) わないように。
   👉 Đừng hút thuốc ở đây",https://www.vnjpclub.com/somatome-n3-ngu-phap/tuan-1-5.html
15,Tuần 1,Ngày 5,第1週 (5) – 言ったように,～ 合格 しますように,～ 合格(ごうかく) しますように,Vます／ Vません／ Vれます + ように,"Để, mong, cầu cho","Thường dùng để thể hiện hi vọng, cầu mong về một việc gì đó","1. 合格 しますように。
   👉 Cầu cho đậu
2. 母 の 病気 が 治 りますように。
   👉 Mong cho bệnh của mẹ mau khỏi
3. インフルエンザにかかりませんように。
   👉 Mong sao không bị cúm","1. 合格(ごうかく) しますように。
   👉 Cầu cho đậu
2. 母(はは) の 病気(びょうき) が 治(なお) りますように。
   👉 Mong cho bệnh của mẹ mau khỏi
3. インフルエンザにかかりませんように。
   👉 Mong sao không bị cúm",https://www.vnjpclub.com/somatome-n3-ngu-phap/tuan-1-5.html
16,Tuần 1,Ngày 6,第1週 (6) – 話を聞こうとしない,～やめようと 思 う,～やめようと 思(おも) う,Vようと 思 う,Dự định làm gì,"Dùng để thể hiện ý chí, dự định của chủ thể","1. 会社 をやめようと 思 っている。
   👉 Tôi định bỏ việc
2. 来年 、 国 に 帰 ろうと 思 っています。
   👉 Năm sau tôi định sẽ về nước.","1. 会社(かいしゃ) をやめようと 思(おも) っている。
   👉 Tôi định bỏ việc
2. 来年(らいねん) 、 国(くに) に 帰(かえ) ろうと 思(おも) っています。
   👉 Năm sau tôi định sẽ về nước.",https://www.vnjpclub.com/somatome-n3-ngu-phap/tuan-1-6.html
17,Tuần 1,Ngày 6,第1週 (6) – 話を聞こうとしない,～ 電車 に 乗 ろうとしたときに,～ 電車(でんしゃ) に 乗(の) ろうとしたときに,V ようとする,(vừa ) Định làm gì,"Dùng để diễn tả ý định của chủ thể trong khoảnh khắc, khoảng thời gian ngắn. Dùng với những hành động mang tính ngắn hạn, thường ngày.","1. 電車 に 乗 ろうとしたときに、ドアが 閉 まって 乗 れなかった。
   👉 Khi tôi vừa định lên xe điện thì cửa đóng nên không thể lên được
2. あ、ポチが、あなたの 靴 をかもうとしているよ。
   👉 A, con Pochi sắp cắn đôi giày của bạn kìa
3. ポチは、ぼくが 出 かけようとすると、ほえる。
   👉 Pochi sủa mỗi khi tôi vừa định ra ngoài","1. 電車(でんしゃ) に 乗(の) ろうとしたときに、ドアが 閉(し) まって 乗(の) れなかった。
   👉 Khi tôi vừa định lên xe điện thì cửa đóng nên không thể lên được
2. あ、ポチが、あなたの 靴(くつ) をかもうとしているよ。
   👉 A, con Pochi sắp cắn đôi giày của bạn kìa
3. ポチは、ぼくが 出(で) かけようとすると、ほえる。
   👉 Pochi sủa mỗi khi tôi vừa định ra ngoài",https://www.vnjpclub.com/somatome-n3-ngu-phap/tuan-1-6.html
18,Tuần 1,Ngày 6,第1週 (6) – 話を聞こうとしない,～ 食 べようとしない,～ 食(た) べようとしない,Vようとしない,"Không định làm gì, không tính làm gì",Dùng để thể hiện việc không cảm nhận được ý chí thực hiện hành động hay động tác,"1. 「ポチ、どうしたんだろう。ご 飯 を 食 べようとしないんだよ。」
   👉 Pochi sao vậy nhỉ. Nó định chẳng muốn ăn cơm kìa
2. 彼 は 自分 のことは 何 も 言 おうとしない。
   👉 Anh ta thì không định nói cái gì về mình cả","1. 「ポチ、どうしたんだろう。ご 飯(はん) を 食(た) べようとしないんだよ。」
   👉 Pochi sao vậy nhỉ. Nó định chẳng muốn ăn cơm kìa
2. 彼(かれ) は 自分(じぶん) のことは 何(なに) も 言(い) おうとしない。
   👉 Anh ta thì không định nói cái gì về mình cả",https://www.vnjpclub.com/somatome-n3-ngu-phap/tuan-1-6.html
19,Tuần 2,Ngày 1,第2週 (1) – うそばっかり,～ 女性 ばかり,～ 女性(じょせい) ばかり,N／Vて + ばかり／ばかりだ／ばかりのN／ばかりで Vてばかりいる～,"Toàn là, đầy…","Một hành động nào đó được thực hiện liên tục Sự vật, chủ thể nào đó hiện hữu với số lượng nhiều","1. この 店 のお 客 さんは、 女性 ばかりですね。
   👉 Khách hàng của tiệm này toàn là nữ nhỉ
2. 弟 は、テレビを 見 てばかりいる。
   👉 Em trai tôi xem tivi suốt
3. 息子 は 仕事 もしないで 遊 んでばかりいる。
   👉 Con trai tôi chẳng làm việc mà cứ chơi suốt","1. この 店(みせ) のお 客(きゃく) さんは、 女性(じょせい) ばかりですね。
   👉 Khách hàng của tiệm này toàn là nữ nhỉ
2. 弟(おとうと) は、テレビを 見(み) てばかりいる。
   👉 Em trai tôi xem tivi suốt
3. 息子(むすこ) は 仕事(しごと) もしないで 遊(あそ) んでばかりいる。
   👉 Con trai tôi chẳng làm việc mà cứ chơi suốt",https://www.vnjpclub.com/somatome-n3-ngu-phap/tuan-2-1.html
20,Tuần 2,Ngày 1,第2週 (1) – うそばっかり,～ 会員 だけしか,～ 会員(かいいん) だけしか,NだけしかVない,Chỉ có,"Dùng thể hiện ý duy nhất, độc nhất","1. このコンサートは、 会員 だけしか 入 れません。
   👉 Buổi hòa nhạc này chỉ có hội viên mới có thể vào
2. 今日 はお 客様 が 一人 だけしか 来 ませんでした。
   👉 Hôm nay chỉ có 1 vị khách đến","1. このコンサートは、 会員(かいいん) だけしか 入(い) れません。
   👉 Buổi hòa nhạc này chỉ có hội viên mới có thể vào
2. 今日(きょう) はお 客様(きゃくさま) が 一人(ひとり) だけしか 来(き) ませんでした。
   👉 Hôm nay chỉ có 1 vị khách đến",https://www.vnjpclub.com/somatome-n3-ngu-phap/tuan-2-1.html
21,Tuần 2,Ngày 1,第2週 (1) – うそばっかり,～ひらがなさえ,～ひらがなさえ,N／Nに／Nで + さえ,"Thậm chí là, đến cả",Dùng để thể hiện một việc ở mức độ đặc biệt cao/thấp mà chắc chắn có thể / không thể làm được.,"1. ひらがなさえ 書 けないんですから、 漢字 なんて 書 けません。
   👉 Vì dến cả hiragana còn không thể viết được thì cỡ như chữ Kanji là không thể viết được rồi
2. そんなこと、 子 どもでさえ 知 っている。
   👉 Điều như thế đến trẻ con còn biết","1. ひらがなさえ 書(か) けないんですから、 漢字(かんじ) なんて 書(か) けません。
   👉 Vì dến cả hiragana còn không thể viết được thì cỡ như chữ Kanji là không thể viết được rồi
2. そんなこと、 子(こ) どもでさえ 知(し) っている。
   👉 Điều như thế đến trẻ con còn biết",https://www.vnjpclub.com/somatome-n3-ngu-phap/tuan-2-1.html
22,Tuần 2,Ngày 1,第2週 (1) – うそばっかり,～ 明日 こそ,～ 明日(あした) こそ,N／～から（ 理由 ） + こそ,"Chính là,. chính vì (lý do)","Dùng để nhấn mạnh khi chủ thể là tác nhân chính, lý do chính, cường điệu hóa lên","1. 明日 こそ 勉強 するぞ！
   👉 Chắc chắn ngày mai tôi sẽ học
2. 愛情 があるからこそ、しかるんです。
   👉 Chính vì yêu thương nên mới mắng đấy","1. 明日(あした) こそ 勉強(べんきょう) するぞ！
   👉 Chắc chắn ngày mai tôi sẽ học
2. 愛情(あいじょう) があるからこそ、しかるんです。
   👉 Chính vì yêu thương nên mới mắng đấy",https://www.vnjpclub.com/somatome-n3-ngu-phap/tuan-2-1.html
23,Tuần 2,Ngày 2,第2週 (2) – 事故などによる渋滞,～この 問題 に 関 して,～この 問題(もんだい) に 関(かん) して,Nに／～のに + 関 して・ 関 しては・ 関 しても・ 関 するN,Liên quan đến,Dùng khi nói đến một phần tính chất có liên quan đến vấn đề,"1. この 問題 に 関 して、ご 意見 ありませんか。
   👉 Liên quan đến vấn đề này, anh có ý kiến gì không ạ?
2. 農業 に 関 する 論文 を 読 む。
   👉 Đọc bài luận liên quan đến nông nghiệp","1. この 問題(もんだい) に 関(かん) して、ご 意見(いけん) ありませんか。
   👉 Liên quan đến vấn đề này, anh có ý kiến gì không ạ?
2. 農業(のうぎょう) に 関(かん) する 論文(ろんぶん) を 読(よ) む。
   👉 Đọc bài luận liên quan đến nông nghiệp",https://www.vnjpclub.com/somatome-n3-ngu-phap/tuan-2-2.html
24,Tuần 2,Ngày 2,第2週 (2) – 事故などによる渋滞,～ 日本 文化 について,～ 日本(にっぽん) 文化(ぶんか) について,Nに + ついて／ついての／ついては／ついても,Về….,"Dùng khi nói về một hành động, sự việc tập trung vào vấn đề nào đó","1. 日本 文化 について 勉強 する。
   👉 Học về văn hóa Nhật Bản
2. 「 受験 についての 注意 」を 読 む。
   👉 Đọc ""Chú ý về việc dự thi""","1. 日本(にっぽん) 文化(ぶんか) について 勉強(べんきょう) する。
   👉 Học về văn hóa Nhật Bản
2. 「 受験(じゅけん) についての 注意(ちゅうい) 」を 読(よ) む。
   👉 Đọc ""Chú ý về việc dự thi""",https://www.vnjpclub.com/somatome-n3-ngu-phap/tuan-2-2.html
25,Tuần 2,Ngày 2,第2週 (2) – 事故などによる渋滞,～ 天気 予報 によれば,～ 天気(てんき) 予報(よほう) によれば,Nに + よれば／よると,Theo…,"Dùng khi nói đến một sự việc có nguồn xuất phát từ những gì bản thân nghe được, nhìn thấy,…","1. 天気 予報 によれば、 明日 は 晴 れるらしい。
   👉 Theo dự báo thời tiết thì ngày mai nghe nói sẽ nắng
2. さっきの 地震 はテレビの 速報 によると 震度 ３だそうだ。
   👉 Động đất mới nãy theo tin nhanh của tivi thì hình như là chấn động 3 đấy","1. 天気(てんき) 予報(よほう) によれば、 明日(あした) は 晴(は) れるらしい。
   👉 Theo dự báo thời tiết thì ngày mai nghe nói sẽ nắng
2. さっきの 地震(じしん) はテレビの 速報(そくほう) によると 震度(しんど) ３だそうだ。
   👉 Động đất mới nãy theo tin nhanh của tivi thì hình như là chấn động 3 đấy",https://www.vnjpclub.com/somatome-n3-ngu-phap/tuan-2-2.html
26,Tuần 2,Ngày 2,第2週 (2) – 事故などによる渋滞,～ 努力 によって,～ 努力(どりょく) によって,Nに + よって／よっては／より／よるN,"Bằng cách, do, vì, tùy theo","Dùng để thể hiện phương pháp, nguyên nhân, trường hợp cho từng hành động, sự việc nào đó","1. 彼 は 努力 によって 病気 を 克服 した！
   👉 Anh ấy đã hồi phục chính nhờ sự nỗ lực đấy
2. 人 によって 考 え 方 が 違 います。
   👉 Cách nghĩ khác nhau tùy vào mỗi người
3. 台風 によって 屋根 が 飛 ばされた。
   👉 Mái nhà đã bị thổi bay vì cơn bão","1. 彼(かれ) は 努力(どりょく) によって 病気(びょうき) を 克服(こくふく) した！
   👉 Anh ấy đã hồi phục chính nhờ sự nỗ lực đấy
2. 人(ひと) によって 考(かんが) え 方(かた) が 違(ちが) います。
   👉 Cách nghĩ khác nhau tùy vào mỗi người
3. 台風(たいふう) によって 屋根(やね) が 飛(と) ばされた。
   👉 Mái nhà đã bị thổi bay vì cơn bão",https://www.vnjpclub.com/somatome-n3-ngu-phap/tuan-2-2.html
27,Tuần 2,Ngày 3,第2週 (3) – あなたのこと,～ 大 きさが,～ 大(おお) きさが,A い + さ A（な） だ + さ よ い → よさ 例 ：うれし さ 、 暑 さ 、 甘 さ 、まじめ さ,(Danh từ),"Dùng khi biến đổi tính từ thành danh từ Thường dùng với những từ miêu tả tính chất, cảm xúc","1. 大 きさは 違 うが、 君 と 同 じかばんを 持 っているよ。
   👉 Độ lớn khác nhau nhưng tôi có cặp giống cậu đấy
2. 子 どもに 命 の 大切 さを 教 えなければならない。
   👉 Phải dạy cho trẻ biết tầm quan trọng của sinh mệnh","1. 大(おお) きさは 違(ちが) うが、 君(きみ) と 同(おな) じかばんを 持(も) っているよ。
   👉 Độ lớn khác nhau nhưng tôi có cặp giống cậu đấy
2. 子(こ) どもに 命(いのち) の 大切(たいせつ) さを 教(おし) えなければならない。
   👉 Phải dạy cho trẻ biết tầm quan trọng của sinh mệnh",https://www.vnjpclub.com/somatome-n3-ngu-phap/tuan-2-3.html
28,Tuần 2,Ngày 3,第2週 (3) – あなたのこと,～ 苦 しみは,～ 苦(くる) しみは,Aい + み A（な）だ + み 例 ： 悲 しみ、 弱 み、 痛 み、 真剣 み ダメ： 大 きみ うれしみ 暑 み まじめみ,(Danh từ),"Dùng khi biến đổi tính từ thành danh từ. Thường dùng với từ miêu tả trạng thái, tính chất tự nhiên","1. 戦争 が 終 わった 今 でも、この 国 の 苦 しみはまだ 続 いている。
   👉 Ngay cả bây giờ khi chiến trang đã kết thúc thì nỗi đau của quốc gia này vẫn tiếp diễn
2. 田中 さんの 強 みは、2 ヶ国 語 が 話 せるということです。
   👉 Điểm mạnh của Tanaka là có thể nói được 2 ngôn ngữ","1. 戦争(せんそう) が 終(お) わった 今(いま) でも、この 国(くに) の 苦(くる) しみはまだ 続(つづ) いている。
   👉 Ngay cả bây giờ khi chiến trang đã kết thúc thì nỗi đau của quốc gia này vẫn tiếp diễn
2. 田中(たなか) さんの 強(つよ) みは、2 ヶ国(かこく) 語(ご) が 話(はな) せるということです。
   👉 Điểm mạnh của Tanaka là có thể nói được 2 ngôn ngữ",https://www.vnjpclub.com/somatome-n3-ngu-phap/tuan-2-3.html
29,Tuần 2,Ngày 3,第2週 (3) – あなたのこと,～テストのこと,～テストのこと,Nの + こと V／A（い）／Nに + こと A だ な／N だ である + こと,Về việc…,"Dùng khi nói đến một chủ đề có liên quan đến hành động, sự việc nào đó Thường dùng với ý nghĩa lịch sự/ trang trọng","1. 来週 のテストのことで、 質問 があります。
   👉 Có câu hỏi về kỳ thi tuần sau
2. 田中 さんが 入院 したことを 知 っていますか。
   👉 Có biết việc Tanaka đã nhập viện không?","1. 来週(らいしゅう) のテストのことで、 質問(しつもん) があります。
   👉 Có câu hỏi về kỳ thi tuần sau
2. 田中(たなか) さんが 入院(にゅういん) したことを 知(し) っていますか。
   👉 Có biết việc Tanaka đã nhập viện không?",https://www.vnjpclub.com/somatome-n3-ngu-phap/tuan-2-3.html
30,Tuần 2,Ngày 3,第2週 (3) – あなたのこと,～ 電話 するのを 忘 れた,～ 電話(でんわ) するのを 忘(わす) れた,V／Aい／N + の N だ な／A だ な + の 例 ： 見 ているのが いいのを 選 んでください 暑 いのはきらいだ 元気 なのがいちばんだ,Việc (danh từ),"Dùng để biến đổi danh từ, động từ, tính từ, cụm câu thành cụm danh từ Dùng trong trường hợp thân mật, ngắn gọn","1. 田中 さんに 電話 するのをすっかり 忘 れていました。
   👉 Tôi đã quên khuấy việc điện thoại cho Tanaka
2. 日曜日 に 混 んだところへ 行 くのは、あまり 好 きではありません。
   👉 Đi đến những nơi đông đúc vào Chủ nhật thì tôi không thích lắm","1. 田中(たなか) さんに 電話(でんわ) するのをすっかり 忘(わす) れていました。
   👉 Tôi đã quên khuấy việc điện thoại cho Tanaka
2. 日曜日(にちようび) に 混(こ) んだところへ 行(い) くのは、あまり 好(す) きではありません。
   👉 Đi đến những nơi đông đúc vào Chủ nhật thì tôi không thích lắm",https://www.vnjpclub.com/somatome-n3-ngu-phap/tuan-2-3.html
31,Tuần 2,Ngày 4,第2週 (4) – 省エネというのは,～ 木村 さんという 人,～ 木村(きむら) さんという 人(ひと),Nという + N Nという + もの Nという + こと といった：Nêu lên ví dụ,"Gọi là, tên là","Dùng khi nhắc đến sự vật, con người, sự việc mà bản thân mình/ đối phương không biết. Dùng gọi tên hoặc định nghĩa","1. さっき、 木村 さんという 人 から 電話 がありましたよ。
   👉 Mới nãy có điện thoại từ người gọi là Kimura đấy
2. これは、 日本 の 楽器 で「 尺八 」というものです。
   👉 Cái này là thứ mà trong nhạc cụ của Nhật gọi là sáo
3. お 金 はいりません。 無料 ということです。
   👉 Không cần tiền. Nghĩa là không mất phí
4. この 学校 では、テニス、サッカー、 野球 といったスポーツが 盛 んです。
   👉 Ở trường này, thịnh hình những môn thể thao như là tennis, bóng đá, bóng chày,..","1. さっき、 木村(きむら) さんという 人(ひと) から 電話(でんわ) がありましたよ。
   👉 Mới nãy có điện thoại từ người gọi là Kimura đấy
2. これは、 日本(にっぽん) の 楽器(がっき) で「 尺八(しゃくはち) 」というものです。
   👉 Cái này là thứ mà trong nhạc cụ của Nhật gọi là sáo
3. お 金(かね) はいりません。 無料(むりょう) ということです。
   👉 Không cần tiền. Nghĩa là không mất phí
4. この 学校(がっこう) では、テニス、サッカー、 野球(やきゅう) といったスポーツが 盛(さか) んです。
   👉 Ở trường này, thịnh hình những môn thể thao như là tennis, bóng đá, bóng chày,..",https://www.vnjpclub.com/somatome-n3-ngu-phap/tuan-2-4.html
32,Tuần 2,Ngày 4,第2週 (4) – 省エネというのは,～「デジカメ」というのは・・・,～「デジカメ」というのは・・・,N + というのは N + っていうのは NというのはN’のことだ。 NといのうはN’という 意味 です。,"Cái mà gọi là, cái mà tên là","Dùng khi muốn định nghĩa, giải thích về sự vật sự việc (với cụm từ muốn định nghĩa là chủ ngữ)","1. 「デジカメ」というのは、デジタルカメラを 短 くした 言 い 方 です。
   👉 Cái gọi là ""Digicame"" là cách nói rút gọn của máy ảnh kỹ thuật số
2. 「 電車 で「カクテイ」っていうのは 何 のことですか。」
   👉 Ở trên xe điện có chữ là ""Kakutei"" là gì vậy?
3. 「 各駅 に 停車 する 電車 のことです。」
   👉 Là xe điện dừng ở mỗi ga","1. 「デジカメ」というのは、デジタルカメラを 短(みじか) くした 言(い) い 方(かた) です。
   👉 Cái gọi là ""Digicame"" là cách nói rút gọn của máy ảnh kỹ thuật số
2. 「 電車(でんしゃ) で「カクテイ」っていうのは 何(なに) のことですか。」
   👉 Ở trên xe điện có chữ là ""Kakutei"" là gì vậy?
3. 「 各駅(かくえき) に 停車(ていしゃ) する 電車(でんしゃ) のことです。」
   👉 Là xe điện dừng ở mỗi ga",https://www.vnjpclub.com/somatome-n3-ngu-phap/tuan-2-4.html
33,Tuần 2,Ngày 4,第2週 (4) – 省エネというのは,～ 帰国 するというのは 本当 ですか,～ 帰国(きこく) するというのは 本当(ほんとう) ですか,文 （ 普通 形 ） + というの 文 （ 普通 形 ） + っていうの 文 （ 普通 形 ） + ということ 文 （ 普通 形 ） + っていうこと,Về việc…,"Dùng khi muốn biến một câu văn thành cụm danh từ. Dùng khi định nghĩa, giải thích hoặc nhắc đến một sự việc nào đó.","1. リンさんが 帰国 するということを 聞 いて 驚 きました。
   👉 Tôi đã ngạc nhiên khi nghe là Lin sắp về nước
2. こんなによく 遅刻 をするというのは、 問題 ですよ。
   👉 Việc trễn như thế này là vấn đề đấy
3. 田中 さんが 医者 だというのを 知 らなかった。
   👉 Tôi đã không biết việc Tanaka là bác sĩ","1. リンさんが 帰国(きこく) するということを 聞(き) いて 驚(おどろ) きました。
   👉 Tôi đã ngạc nhiên khi nghe là Lin sắp về nước
2. こんなによく 遅刻(ちこく) をするというのは、 問題(もんだい) ですよ。
   👉 Việc trễn như thế này là vấn đề đấy
3. 田中(たなか) さんが 医者(いしゃ) だというのを 知(し) らなかった。
   👉 Tôi đã không biết việc Tanaka là bác sĩ",https://www.vnjpclub.com/somatome-n3-ngu-phap/tuan-2-4.html
34,Tuần 2,Ngày 5,第2週 (5) – 美人というより,～ 走 るというより,～ 走(はし) るというより,N／Aな／V／Aい（ 普通 形 ）と + いうより／いうか,Thay vì nói là….( thì đúng hơn là….),Dùng khi muốn so sánh mang tính chất cường điệu hơn bình thường. (Mức độ thấp/ cao hơn) Thường dùng trong câu cảm thán mang nghĩa tiêu cực,"1. 前 の 車 は 遅 すぎて、 走 るというよりはっているようだ。
   👉 Chiếc xe phía trước quá chậm, thay vì nói là chạy thì giống như là đang bò hơn
2. 今日 は 涼 しいというより 寒 いくらいだった。
   👉 Hôm nay thì lạnh đúng hơn là mát
3. あの 学生 はできないというか、やる 気 がないのでしょう。
   👉 Học sinh đó thay vì nói là không làm được thì có lẽ đúng hơn là không có tinh thần làm","1. 前(まえ) の 車(くるま) は 遅(おそ) すぎて、 走(はし) るというよりはっているようだ。
   👉 Chiếc xe phía trước quá chậm, thay vì nói là chạy thì giống như là đang bò hơn
2. 今日(きょう) は 涼(すず) しいというより 寒(さむ) いくらいだった。
   👉 Hôm nay thì lạnh đúng hơn là mát
3. あの 学生(がくせい) はできないというか、やる 気(き) がないのでしょう。
   👉 Học sinh đó thay vì nói là không làm được thì có lẽ đúng hơn là không có tinh thần làm",https://www.vnjpclub.com/somatome-n3-ngu-phap/tuan-2-5.html
35,Tuần 2,Ngày 5,第2週 (5) – 美人というより,～ 京都 というと,～ 京都(きょうと) というと,N／Aな／V／Aい（ 普通 形）と + いうと いえば いったら,Khi nhắc đến/ Nếu nói đến,"Dùng khi muốn nói đến một điểm nổi bật nào đó của sự vật, sự việc","1. 京都 というと、お 寺 をイメージします。
   👉 Khi nói đến Kyoto thì sẽ hình dung ra chùa chiền
2. 日本 の 食 べ 物 といえば、おすしがいちばん 有名 だと 思 います。
   👉 Nếu nói đến thức ăn của thì tôi nghĩ sushi là nổi tiếng nhất
3. 夏 の 果物 といったら、やっぱりスイカだね。
   👉 Nếu nói đến trái cây mùa hè thì quả là dưa hấu nhỉ","1. 京都(きょうと) というと、お 寺(てら) をイメージします。
   👉 Khi nói đến Kyoto thì sẽ hình dung ra chùa chiền
2. 日本(にっぽん) の 食(た) べ 物(もの) といえば、おすしがいちばん 有名(ゆうめい) だと 思(おも) います。
   👉 Nếu nói đến thức ăn của thì tôi nghĩ sushi là nổi tiếng nhất
3. 夏(なつ) の 果物(くだもの) といったら、やっぱりスイカだね。
   👉 Nếu nói đến trái cây mùa hè thì quả là dưa hấu nhỉ",https://www.vnjpclub.com/somatome-n3-ngu-phap/tuan-2-5.html
36,Tuần 2,Ngày 5,第2週 (5) – 美人というより,～ 旅行 といっても,～ 旅行(りょこう) といっても,N／Aな／V／Aい（ 普通 形 ）と いっても,Dẫu nói là….,"Dùng khi muốn đính chính một vấn đề, sự việc có mức độ thấp hơn so với tên gọi của nó Hoặc dùng khi muốn so sánh mức độ cao thấp với 1 sự việc khác","1. 週末 は 旅行 しました。 旅行 といっても、 近 くの 温泉 に 行 っただけですが。
   👉 Cuối tuần tôi đã đi du lịch. Dẫu nói là du lịch thì cũng chỉ là đi đến suối nước nóng gần đây thôi
2. 今週 は 忙 しいといっても 来週 ほどじゃない。
   👉 Tuần này dù nói là bận nhưng cũng không bằng tuần sau","1. 週末(しゅうまつ) は 旅行(りょこう) しました。 旅行(りょこう) といっても、 近(ちか) くの 温泉(おんせん) に 行(い) っただけですが。
   👉 Cuối tuần tôi đã đi du lịch. Dẫu nói là du lịch thì cũng chỉ là đi đến suối nước nóng gần đây thôi
2. 今週(こんしゅう) は 忙(いそが) しいといっても 来週(らいしゅう) ほどじゃない。
   👉 Tuần này dù nói là bận nhưng cũng không bằng tuần sau",https://www.vnjpclub.com/somatome-n3-ngu-phap/tuan-2-5.html
37,Tuần 2,Ngày 6,第2週 (6) – 食べてごらん,～ 聞 いてごらん,～ 聞(き) いてごらん,Vてごらん（なさい）,Thử làm gì (Hãy),Dùng với người ở bậc thấp hơn,"1. わからなかったら、 先生 に 聞 いてごらん。
   👉 Nếu không hiểu thì hãy hỏi thầy thử xem
2. もう 一度 やってごらんなさい。
   👉 Hãy thử làm lại lần nữa đi","1. わからなかったら、 先生(せんせい) に 聞(き) いてごらん。
   👉 Nếu không hiểu thì hãy hỏi thầy thử xem
2. もう 一度(いちど) やってごらんなさい。
   👉 Hãy thử làm lại lần nữa đi",https://www.vnjpclub.com/somatome-n3-ngu-phap/tuan-2-6.html
38,Tuần 2,Ngày 6,第2週 (6) – 食べてごらん,～ 来 るように,～ 来(く) るように,Vるよう（に） Vないよう（に） ＋ 言う 頼む,"Nói (ai), nhờ (ai) hãy làm gì/ không làm gì",Dùng khi muốn nhờ người khác truyền đạt lại mệnh lệnh của mình với người thứ ba Hoặc dùng khi diễn tả lại một mệnh lệnh được truyền đạt bởi người khác,"1. 田中 さんに、 私 の 部屋 に 来 るよう（に） 言 ってください。
   👉 Hãy nói với Tanaka đến phòng của tôi
2. 妻 に、 家 ではたぼこを 吸 わないよう（に） 言 われています。
   👉 Tôi đã bị vợ nhắc là đừng hút thuốc trong nhà","1. 田中(たなか) さんに、 私(わたし) の 部屋(へや) に 来(く) るよう（に） 言(い) ってください。
   👉 Hãy nói với Tanaka đến phòng của tôi
2. 妻(つま) に、 家(いえ) ではたぼこを 吸(す) わないよう（に） 言(い) われています。
   👉 Tôi đã bị vợ nhắc là đừng hút thuốc trong nhà",https://www.vnjpclub.com/somatome-n3-ngu-phap/tuan-2-6.html
39,Tuần 2,Ngày 6,第2週 (6) – 食べてごらん,～ 飲 むなわれた,～ 飲(の) むなわれた,V（命令形） Vるなと ＋ 言われる 注意される しかられる 怒られる,Bị nói/ Bị nhắc nhở/ Bị mắng/ Bị tức giận là hãy làm/ không làm việc gì,Dùng khi tường thuật lại một mệnh lệnh người khác giao cho mình,"1. 医者 に 酒 を 飲 むなと 言 われた。
   👉 Tôi bị bác sĩ nói là không được uống rượu
2. 先生 に、もっと 勉強 しろと 言 われた。
   👉 Tôi bị giáo viên nhắc là hãy học nhiều hơn nữa
3. 父 に、もっと 早 く 帰 れと 注意 された。
   👉 Tôi bị bố nhắc nhở là hãy về sớm hơn","1. 医者(いしゃ) に 酒(さけ) を 飲(の) むなと 言(い) われた。
   👉 Tôi bị bác sĩ nói là không được uống rượu
2. 先生(せんせい) に、もっと 勉強(べんきょう) しろと 言(い) われた。
   👉 Tôi bị giáo viên nhắc là hãy học nhiều hơn nữa
3. 父(ちち) に、もっと 早(はや) く 帰(かえ) れと 注意(ちゅうい) された。
   👉 Tôi bị bố nhắc nhở là hãy về sớm hơn",https://www.vnjpclub.com/somatome-n3-ngu-phap/tuan-2-6.html
40,Tuần 2,Ngày 6,第2週 (6) – 食べてごらん,～ 教 えてくれとれた,～ 教(おし) えてくれとれた,Vてくれと Vないでくれと ＋ 頼まれる 言われる,"Bị nhắc nhở, bị nói, được nói","Dùng để biến đổi danh từ, động từ, tính từ, cụm câu thành cụm danh từ Dùng trong trường hợp thân mật, ngắn gọn","1. 友達 に、 田中 さんの 電話 番号 を 教 えてくれと 頼 まれた。
   👉 Tôi được bạn bè nhờ là hãy chỉ cho số điện thoại của Tanaka
2. 大家 に、 玄関 の 前 に 自転車 を 置 かないでくれと 言 われた。
   👉 Tôi bị chủ nhà nhắc nhở là đừng để xe đạp ngay trước lối đi.","1. 友達(ともだち) に、 田中(たなか) さんの 電話(でんわ) 番号(ばんごう) を 教(おし) えてくれと 頼(たの) まれた。
   👉 Tôi được bạn bè nhờ là hãy chỉ cho số điện thoại của Tanaka
2. 大家(おおや) に、 玄関(げんかん) の 前(まえ) に 自転車(じてんしゃ) を 置(お) かないでくれと 言(い) われた。
   👉 Tôi bị chủ nhà nhắc nhở là đừng để xe đạp ngay trước lối đi.",https://www.vnjpclub.com/somatome-n3-ngu-phap/tuan-2-6.html
41,Tuần 3,Ngày 1,第3週 (1) – いくら安くても,～Vても,～Vても,Vて も Aくても Aな／Nでも,"Dù là, cho dẫu là",Dùng để nói đến sự việctrở nên ngược lại với điều đáng lẽ diễn ra.,"1. 調 べてもわからなかったので、 先生 に 聞 いた。
   👉 Cho dù đã tra nhưng vẫn không hiểu nên đã hỏi thầy
2. 必要 なので、 高 くても 買 います。
   👉 Vì cần nên dù đắt cũng sẽ mua
3. 「すみません。 黒 は 売 り 切 れました。」「 黒 じゃなくてもかまいませんよ。」
   👉 “Xin lỗi, màu đen đã bán hết rồi” “Không phải màu đen cũng không sao”","1. 調(しら) べてもわからなかったので、 先生(せんせい) に 聞(き) いた。
   👉 Cho dù đã tra nhưng vẫn không hiểu nên đã hỏi thầy
2. 必要(ひつよう) なので、 高(たか) くても 買(か) います。
   👉 Vì cần nên dù đắt cũng sẽ mua
3. 「すみません。 黒(くろ) は 売(う) り 切(き) れました。」「 黒(くろ) じゃなくてもかまいませんよ。」
   👉 “Xin lỗi, màu đen đã bán hết rồi” “Không phải màu đen cũng không sao”",https://www.vnjpclub.com/somatome-n3-ngu-phap/tuan-3-1.html
42,Tuần 3,Ngày 1,第3週 (1) – いくら安くても,,,どんなに いくら ＋ Vても Aくても A（な）でも Nでも,Cho dẫu có như thế nào/ Cho dẫu là bao nhiêu đi nữa,"Dùng khi muốn cường điệu hóa sự việc, nhấn mạnh sự việc không thể/có thể ở mức độ cao","1. ギターを 習 い 始 めたが、どんなに 練習 しても 全然 うまくならない。
   👉 Tôi đã bắt đầu học ghita nhưng dù có luyện tập thế nào đi nữa thì hoàn toàn cũng không trở nên giỏi được
2. 私 は、いくらお 酒 を 飲 んでも 顔色 が 変 わらない。
   👉 Tôi cho dù có uống bao nhiêu rượu đi nữa thì sắc mặt cũng không đổi
3. 私 はどんなに 暑 くても 寝 るときはクーラーを 消 して 寝 ます。
   👉 Tôi cho dù là nóng cỡ nào thì khi đi ngủ cũng sẽ tắt máy lạnh mà ngủ","1. ギターを 習(なら) い 始(はじ) めたが、どんなに 練習(れんしゅう) しても 全然(ぜんぜん) うまくならない。
   👉 Tôi đã bắt đầu học ghita nhưng dù có luyện tập thế nào đi nữa thì hoàn toàn cũng không trở nên giỏi được
2. 私(わたし) は、いくらお 酒(さけ) を 飲(の) んでも 顔色(かおいろ) が 変(か) わらない。
   👉 Tôi cho dù có uống bao nhiêu rượu đi nữa thì sắc mặt cũng không đổi
3. 私(わたし) はどんなに 暑(あつ) くても 寝(ね) るときはクーラーを 消(け) して 寝(ね) ます。
   👉 Tôi cho dù là nóng cỡ nào thì khi đi ngủ cũng sẽ tắt máy lạnh mà ngủ",https://www.vnjpclub.com/somatome-n3-ngu-phap/tuan-3-1.html
43,Tuần 3,Ngày 1,第3週 (1) – いくら安くても,～ 辞書 を 使 わずに,～ 辞書(じしょ) を 使(つか) わずに,V ない + ずに しない → せずに,Không làm gì (mà làm),"Dùng trong trường hợp chúng ta bỏ qua 1 hành động mà tự nhiên, bình thường sẽ làm","1. 辞書 を 使 わずに 書 いたので、 自信 がありません。
   👉 Vì đã viết ra mà không dùng từ điển nên không có tự tin
2. 昨夜 、 歯 をみがかずに 寝 てしまった。
   👉 Tối qua đã không đánh răng mà đi ngủ mất tiêu","1. 辞書(じしょ) を 使(つか) わずに 書(か) いたので、 自信(じしん) がありません。
   👉 Vì đã viết ra mà không dùng từ điển nên không có tự tin
2. 昨夜(さくや) 、 歯(は) をみがかずに 寝(ね) てしまった。
   👉 Tối qua đã không đánh răng mà đi ngủ mất tiêu",https://www.vnjpclub.com/somatome-n3-ngu-phap/tuan-3-1.html
44,Tuần 3,Ngày 2,第3週 (2) – それにしては,～ 日本 代表 として,～ 日本(にっぽん) 代表(だいひょう) として,Nと ＋ して しては しても してのN,Với tư cách/vị trí là/ Với tư cách/vị trí là…thì/ Cho dù là với tư cách/vị trí là…,"Dùng trong trường hợp nói đến một sự vật, con người là đại biểu hoặc là một cá thể thuộc một nhóm chung nào đó","1. 彼 は 外国人 だが、 日本 代表 として 試合 に 出 る。
   👉 Anh ấy là người nước ngoài nhưng tham dự trận đấu với tư cách là đại biểu Nhật Bản
2. 彼女 は 女性 としても 女優 としても 最高 だが、 妻 としてはどうだろう。
   👉 Cô ấy cho dù là phụ nữ cho dù là diễn viên thì cũng đều tuyệt vời nhưng với tư cách là người vợ thì sao nhỉ?","1. 彼(かれ) は 外国人(がいこくじん) だが、 日本(にっぽん) 代表(だいひょう) として 試合(しあい) に 出(で) る。
   👉 Anh ấy là người nước ngoài nhưng tham dự trận đấu với tư cách là đại biểu Nhật Bản
2. 彼女(かのじょ) は 女性(じょせい) としても 女優(じょゆう) としても 最高(さいこう) だが、 妻(つま) としてはどうだろう。
   👉 Cô ấy cho dù là phụ nữ cho dù là diễn viên thì cũng đều tuyệt vời nhưng với tư cách là người vợ thì sao nhỉ?",https://www.vnjpclub.com/somatome-n3-ngu-phap/tuan-3-2.html
45,Tuần 3,Ngày 2,第3週 (2) – それにしては,～ 外国人 にしては,～ 外国人(がいこくじん) にしては,N/AいAな/N（普通形）＋に A（な）だ＋に Nだ＋に ＋ しては それにしては,Cho dù là/ Dù là/ thế mà lại,"Dùng khi muốn nói đến một sự việc khác biệt với lẽ thường. Dùng khi muốn nói lên cảm giác ngạc nhiên, bất ngờ, ngoài dự tính","1. 外国人 にしては 日本語 が 上手 だ。
   👉 Dù là người nước ngoài nhưng lại rất giỏi tiếng Nhật
2. 初 めてにしては、よくできました。
   👉 Dù là lần đầu nhưng đã làm tốt
3. 洗 ったの？それにしてはきれいじゃないね。
   👉 Đã rửa rồi à? Dù vậy vẫn chưa sạch đấy","1. 外国人(がいこくじん) にしては 日本語(にほんご) が 上手(じょうず) だ。
   👉 Dù là người nước ngoài nhưng lại rất giỏi tiếng Nhật
2. 初(はじ) めてにしては、よくできました。
   👉 Dù là lần đầu nhưng đã làm tốt
3. 洗(あら) ったの？それにしてはきれいじゃないね。
   👉 Đã rửa rồi à? Dù vậy vẫn chưa sạch đấy",https://www.vnjpclub.com/somatome-n3-ngu-phap/tuan-3-2.html
46,Tuần 3,Ngày 2,第3週 (2) – それにしては,～100 円 にしても,～100 円(えん) にしても,N/Aい/Aな/N（普通形）＋に A（な）だ＋に Nだ＋に ＋ しても それにしても,Thậm chí là…cũng/ Dẫu là vậy thì…,Dùng để cường điệu hóa sự việc rằng dù ở mức độ thấp/cao hơn thì cũng không chấp nhận được,"1. これは、100 円 にしても、 高 いと 思 う。
   👉 Cái này thậm chí là 100 yên thì cũng là mắc
2. 遅 れるとは 聞 いていたけど、それにしても 田中 さん、 遅 いね。
   👉 Việc trễ thì tôi đã nghe rồi nhưng mà thậm chí là vậy thì Tanaka cũng trễ nhỉ","1. これは、100 円(えん) にしても、 高(たか) いと 思(おも) う。
   👉 Cái này thậm chí là 100 yên thì cũng là mắc
2. 遅(おく) れるとは 聞(き) いていたけど、それにしても 田中(たなか) さん、 遅(おそ) いね。
   👉 Việc trễ thì tôi đã nghe rồi nhưng mà thậm chí là vậy thì Tanaka cũng trễ nhỉ",https://www.vnjpclub.com/somatome-n3-ngu-phap/tuan-3-2.html
47,Tuần 3,Ngày 2,第3週 (2) – それにしては,～ 本当 だとしたら,～ 本当(ほんとう) だとしたら,N／Aい／Aな／N（ 普通 形 ）+ と + したら／すれば,"Nếu là, nếu…thì",Sử dụng cho các câu điều kiện,"1. その 話 が 本当 だとしたら、うれしいです。
   👉 Nếu câu chuyện đó là thật thì tôi vui lắm
2. 飛行機 で 行 くとしたら、いくらぐらいかかりますか。
   👉 Nếu đi bằng máy bay thì mất bao nhiêu?","1. その 話(はなし) が 本当(ほんとう) だとしたら、うれしいです。
   👉 Nếu câu chuyện đó là thật thì tôi vui lắm
2. 飛行機(ひこうき) で 行(い) くとしたら、いくらぐらいかかりますか。
   👉 Nếu đi bằng máy bay thì mất bao nhiêu?",https://www.vnjpclub.com/somatome-n3-ngu-phap/tuan-3-2.html
48,Tuần 3,Ngày 3,第3週 (3) – 勉強するつもりでしたが,～ 行 くつもりでした,～ 行(い) くつもりでした,Vる／Vない + つもりだった,Đã dự định làm gì/ không làm gì,"Dùng để nói đến một dự định, ý định thực hiện một hành động nào đó trong quá khứ nhưng sau đó lại không thực hiện như vậy","1. 昨日 は 買 い 物 に 行 きつもりでしたが、 頭 が 痛 かったのでずっと 家 にいました。
   👉 Ngày hôm qua đã định đi mua sắm như vì đau đầu nên cứ ở nhà suốt luôn
2. お 菓子 を 食 べないつもりでしたが、つい 食 べてしまいました。
   👉 Đã định không ăn kẹo nhưng mà cuối cùng đã ăn mất tiêu","1. 昨日(きのう) は 買(か) い 物(もの) に 行(い) きつもりでしたが、 頭(あたま) が 痛(いた) かったのでずっと 家(いえ) にいました。
   👉 Ngày hôm qua đã định đi mua sắm như vì đau đầu nên cứ ở nhà suốt luôn
2. お 菓子(かし) を 食(た) べないつもりでしたが、つい 食(た) べてしまいました。
   👉 Đã định không ăn kẹo nhưng mà cuối cùng đã ăn mất tiêu",https://www.vnjpclub.com/somatome-n3-ngu-phap/tuan-3-3.html
49,Tuần 3,Ngày 3,第3週 (3) – 勉強するつもりでしたが,～ 家 にいないはずだ,～ 家(いえ) にいないはずだ,V／A／N（ 普通 形） A だ な N だ の ＋ はずだ はずがない,Chắn chắn là/ chắn chắn không,Dùng thể hiện ý khẳng định của người nói dựa trên một căn cứ nào đó. Riêng cụm “はずがない” mang ý nghĩa phủ định mạnh hơn.,"1. 田中 さんは 今 、 旅行中 だから、 家 にいないはずだ。
   👉 Tanaka bây giờ đang đi du lịch nên chắc không có ở nhà
2. まじめな 田中 さんが、 無断 で 休 むはずがない。
   👉 Người chăm chỉ Tanaka chắc chắn không nghỉ đột xuất không báo trước","1. 田中(たなか) さんは 今(いま) 、 旅行中(りょこうちゅう) だから、 家(いえ) にいないはずだ。
   👉 Tanaka bây giờ đang đi du lịch nên chắc không có ở nhà
2. まじめな 田中(たなか) さんが、 無断(むだん) で 休(やす) むはずがない。
   👉 Người chăm chỉ Tanaka chắc chắn không nghỉ đột xuất không báo trước",https://www.vnjpclub.com/somatome-n3-ngu-phap/tuan-3-3.html
50,Tuần 3,Ngày 3,第3週 (3) – 勉強するつもりでしたが,～ 守 るべきだ,～ 守(まも) るべきだ,Vる A（な）である A（い）くある （すべき ＝ するべきだ） べきだ べきではない,"Phải, nên làm gì/ không làm gì","Dùng để thể hiện việc ở một tình huống nào đó thì phải (mang ý bắt buộc) thực hiện /không thực hành động nào đó. Nếu không làm được thì không thể chấp nhận được ở vị trí đó, tình huống đó.","1. 約束 は 守 るべきだ。
   👉 Lời hứa là phải giữ
2. おもちゃは、まず 安全 であるべきだ。
   👉 Đồ chơi trước hết phải an toàn","1. 約束(やくそく) は 守(まも) るべきだ。
   👉 Lời hứa là phải giữ
2. おもちゃは、まず 安全(あんぜん) であるべきだ。
   👉 Đồ chơi trước hết phải an toàn",https://www.vnjpclub.com/somatome-n3-ngu-phap/tuan-3-3.html
51,Tuần 3,Ngày 3,第3週 (3) – 勉強するつもりでしたが,～よく 遊 んだものだ,～よく 遊(あそ) んだものだ,Vた Vなかった ものだ もんだ,Đã thường làm gì/ không làm gì,"Dùng để nhắc đến những việc trong quá khứ. Thường là thói quen, những hành động thường xuyên. Nhấn mạnh về kỷ niệm, hồi ức","1. 子 どものころはよく 川 で 遊 んだものだ
   👉 Thời còn nhỏ thường chơi đùa ở con sông
2. 学生 時代 は 毎日 図書館 へ 通 ったものだ。
   👉 Thời học sinh mỗi ngày đều tới thư viện","1. 子(こ) どものころはよく 川(かわ) で 遊(あそ) んだものだ
   👉 Thời còn nhỏ thường chơi đùa ở con sông
2. 学生(がくせい) 時代(じだい) は 毎日(まいにち) 図書館(としょかん) へ 通(とお) ったものだ。
   👉 Thời học sinh mỗi ngày đều tới thư viện",https://www.vnjpclub.com/somatome-n3-ngu-phap/tuan-3-3.html
52,Tuần 3,Ngày 4,第3週 (4) – あうたびに,～ 散歩 のついでに,～ 散歩(さんぽ) のついでに,Nの Vる／Vた + ついでに,Nhân tiện (làm gì) thì …..,Một hành động chính nào đó đang thực hiện thì nhân tiện đó thực hiện thêm một hành động phụ khác,"1. 散歩 のついでに、この 手紙 を 出 してきてくれませんか。
   👉 Nhân tiện đi dạo thì có thể gửi lá thư này đi giúp được không?
2. 郵便局 へ 行 ったついでに、はがきを 買 ってきた。
   👉 Nhân tiện đi đến bưu điện đã mua bưu thiếp về.","1. 散歩(さんぽ) のついでに、この 手紙(てがみ) を 出(だ) してきてくれませんか。
   👉 Nhân tiện đi dạo thì có thể gửi lá thư này đi giúp được không?
2. 郵便局(ゆうびんきょく) へ 行(い) ったついでに、はがきを 買(か) ってきた。
   👉 Nhân tiện đi đến bưu điện đã mua bưu thiếp về.",https://www.vnjpclub.com/somatome-n3-ngu-phap/tuan-3-4.html
53,Tuần 3,Ngày 4,第3週 (4) – あうたびに,～ 買 い 物 のたびに,～ 買(か) い 物(もの) のたびに,Nの Vる Vる。その + たびに たび たびには,"Mỗi khi, mỗi lần",Dùng trong trường hợp nhắc đến một sự việc thường xảy ra mỗi khi có 1 tình huống cụ thể nào đó,"1. 買 い 物 のたびに、 袋 をたくさんもらう。
   👉 Mỗi khi mua sắm thường nhận được nhiều túi
2. この 曲 を 聞 くたびに、ふるさとを 思 い 出 す。
   👉 Mỗi lần nghe khúc nhạc này tôi lại nhớ về quê hương","1. 買(か) い 物(もの) のたびに、 袋(ふくろ) をたくさんもらう。
   👉 Mỗi khi mua sắm thường nhận được nhiều túi
2. この 曲(きょく) を 聞(き) くたびに、ふるさとを 思(おも) い 出(だ) す。
   👉 Mỗi lần nghe khúc nhạc này tôi lại nhớ về quê hương",https://www.vnjpclub.com/somatome-n3-ngu-phap/tuan-3-4.html
54,Tuần 3,Ngày 4,第3週 (4) – あうたびに,～ 開 けたとたん,～ 開(あ) けたとたん,Vた Vた。 + とたん とたんに そのとたん,Vừa mới (làm gì) thì….,"Dùng trong trường hợp một sự việc xảy ra ngay khi một hành động nào đó vừa được thực hiện. Vế sau không dùng các mẫu câu nghĩa chủ động (tha động từ) hoặc dùng thể sai khiến, bắt buộc","1. 窓 を 開 けたとたん、 強 い 風 が 入 ってきた。
   👉 Vừa mới mở cửa sổ thì gió mạnh ùa vào
2. お 酒 を 飲 んだとたん、 顔 が 赤 くなった。
   👉 Vừa mới uống rượu thì mặt đã đỏ lên rồi","1. 窓(まど) を 開(あ) けたとたん、 強(つよ) い 風(かぜ) が 入(はい) ってきた。
   👉 Vừa mới mở cửa sổ thì gió mạnh ùa vào
2. お 酒(さけ) を 飲(の) んだとたん、 顔(かお) が 赤(あか) くなった。
   👉 Vừa mới uống rượu thì mặt đã đỏ lên rồi",https://www.vnjpclub.com/somatome-n3-ngu-phap/tuan-3-4.html
55,Tuần 3,Ngày 4,第3週 (4) – あうたびに,～ 食事 の 最中 に,～ 食事(しょくじ) の 最中(さいちゅう) に,Nの Vている + 最中 に 最中 だ,"Trong khi, đang lúc, giữa lúc",Dùng nói đến một hành động đột ngột diễn ra giữa tiến trình đang diễn ra của một hành động khác,"1. 食事 の 最中 に、お 客 さんが 来 た
   👉 Trong khi đang ăn thì khách hàng đến
2. 会議 をしている 最中 に、 携帯 電話 が 鳴 った。
   👉 Giữa lúc đang họp thì điện thoại di động reo","1. 食事(しょくじ) の 最中(さいちゅう) に、お 客(きゃく) さんが 来(き) た
   👉 Trong khi đang ăn thì khách hàng đến
2. 会議(かいぎ) をしている 最中(さいちゅう) に、 携帯(けいたい) 電話(でんわ) が 鳴(な) った。
   👉 Giữa lúc đang họp thì điện thoại di động reo",https://www.vnjpclub.com/somatome-n3-ngu-phap/tuan-3-4.html
56,Tuần 3,Ngày 5,第3週 (5) – 一人っきり,～ 地図 のとおり,～ 地図(ちず) のとおり,Nの／Vる／Vた + とおり Nどおり,Đúng như,Một hành động nào đó được thực hiện liên tục Dùng để biểu thị một động tác nào đó được thực hiện theo đúng nội dung đã được biểu thị trong danh từ.,"1. 友達 がかいてくれた 地図 のとおりに 来 たが、 道 に 迷 った。
   👉 Tôi đã đi đến theo như bản đồ bạn tôi vẻ nhưng mà đã nhầm đường
2. 雪 が 降 ってきた。 予定 どおりだ。
   👉 Tuyết đã rơi rồi. Đúng như dự đoán
3. 先生 が 言 ったとおり、 試験 は 難 しかった。
   👉 Đúng như lời giáo viên nói, kỳ thi đã rất khó","1. 友達(ともだち) がかいてくれた 地図(ちず) のとおりに 来(き) たが、 道(みち) に 迷(まよ) った。
   👉 Tôi đã đi đến theo như bản đồ bạn tôi vẻ nhưng mà đã nhầm đường
2. 雪(ゆき) が 降(ふ) ってきた。 予定(よてい) どおりだ。
   👉 Tuyết đã rơi rồi. Đúng như dự đoán
3. 先生(せんせい) が 言(い) ったとおり、 試験(しけん) は 難(むずか) しかった。
   👉 Đúng như lời giáo viên nói, kỳ thi đã rất khó",https://www.vnjpclub.com/somatome-n3-ngu-phap/tuan-3-5.html
57,Tuần 3,Ngày 5,第3週 (5) – 一人っきり,～テレビをつけたまま,～テレビをつけたまま,Vた／Vない A／N（普通形） Aだな Nだの ＋ まま,"Để nguyên, giữ nguyên","Dùng thể hiện tình trạng của sự vật sự việc được duy trì liên tục trong khi một hành động, sự việc khác diễn ra. Hoặc chỉ đơn giản nói về việc giữ nguyên một tình trạng nào đó","1. 昨夜 、テレビをつけたまま 寝 てしまった。
   👉 Tối qua, đã để tivi mà đi ngủ mất
2. この 野菜 は、 生 のままで 食 べてもおいしいですよ。
   👉 Loại rau này để sống ăn vẫn ngon đấy","1. 昨夜(さくや) 、テレビをつけたまま 寝(ね) てしまった。
   👉 Tối qua, đã để tivi mà đi ngủ mất
2. この 野菜(やさい) は、 生(なま) のままで 食(た) べてもおいしいですよ。
   👉 Loại rau này để sống ăn vẫn ngon đấy",https://www.vnjpclub.com/somatome-n3-ngu-phap/tuan-3-5.html
58,Tuần 3,Ngày 5,第3週 (5) – 一人っきり,～ 開 けっぱなし,～ 開(あ) けっぱなし,V ます + っぱなし,"Để nguyên, giữ nguyên",,"1. 窓 を 開 けっぱなしで 出 てきた。
   👉 Để cửa sổ mở mà ra ngoài
2. 水 を 出 しっぱなしにしないでください。
   👉 Đừng để nước chảy suốt vậy","1. 窓(まど) を 開(あ) けっぱなしで 出(で) てきた。
   👉 Để cửa sổ mở mà ra ngoài
2. 水(みず) を 出(だ) しっぱなしにしないでください。
   👉 Đừng để nước chảy suốt vậy",https://www.vnjpclub.com/somatome-n3-ngu-phap/tuan-3-5.html
59,Tuần 3,Ngày 5,第3週 (5) – 一人っきり,～ 二人 きり,～ 二人(ふたり) きり,N ＋ きり きりだ っきり っきりだ,"Chỉ có, có",Dùng để nhấn mạnh số lượng ít,"1. 二人 （っ）きりで 話 をしたいです
   👉 Tôi muốn nói chuyện có 2 người thôi
2. 彼 に 会 ったのは１ 回 （っ）きりです。
   👉 Gặp anh ta chỉ có 1 lần","1. 二人(ふたり) （っ）きりで 話(はなし) をしたいです
   👉 Tôi muốn nói chuyện có 2 người thôi
2. 彼(かれ) に 会(あ) ったのは１ 回(かい) （っ）きりです。
   👉 Gặp anh ta chỉ có 1 lần",https://www.vnjpclub.com/somatome-n3-ngu-phap/tuan-3-5.html
60,Tuần 3,Ngày 6,第3週 (6) – 教えてほしい,～ 怖 がらないで,～ 怖(こわ) がらないで,A い A な Vた い ＋ がる がって がらないで,"Ý muốn (của người khác), cảm xúc (của người khác)","Dùng khi muốn nhắc đến, miêu tả, diễn đạt lại cảm xúc, ý hướng của người khác, không phải của bản thân","1. 怖 がらないでください。
   👉 Đừng có sợ
2. 恥 ずかしがらないで、 前 に 出 てきてください。
   👉 Đừng xấu hổ, hãy ra phía trước
3. 田中 さんが、あなたに 会 いたがっていましたよ。
   👉 Tanaka đã muốn gặp bạn đấy","1. 怖(こわ) がらないでください。
   👉 Đừng có sợ
2. 恥(は) ずかしがらないで、 前(まえ) に 出(で) てきてください。
   👉 Đừng xấu hổ, hãy ra phía trước
3. 田中(たなか) さんが、あなたに 会(あ) いたがっていましたよ。
   👉 Tanaka đã muốn gặp bạn đấy",https://www.vnjpclub.com/somatome-n3-ngu-phap/tuan-3-6.html
61,Tuần 3,Ngày 6,第3週 (6) – 教えてほしい,～ 見 せてほしい,～ 見(み) せてほしい,Vて Vないで ＋ ほしい もらいたい,Muốn người khác làm gì/không làm gì cho mình,"Dùng khi muốn yêu cầu người khác thực hiện hành động gì cho bản thân, thường dùng ở thể thông thường, không trịnh trọng","1. あのう、 教科書 を 見 せてほしいんですが・・・。
   👉 À này, cho tôi xem sách giáo khoa nhé
2. あなたに 教 えてもらいたいことがあります。
   👉 Tôi có việc muốn bạn chỉ giáo cho","1. あのう、 教科書(きょうかしょ) を 見(み) せてほしいんですが・・・。
   👉 À này, cho tôi xem sách giáo khoa nhé
2. あなたに 教(おし) えてもらいたいことがあります。
   👉 Tôi có việc muốn bạn chỉ giáo cho",https://www.vnjpclub.com/somatome-n3-ngu-phap/tuan-3-6.html
62,Tuần 3,Ngày 6,第3週 (6) – 教えてほしい,～ 知 っているふりをする,～ 知(し) っているふりをする,V/A/N（ 普通 形 ） A だ な N だ の ＋ ふりをする,Giả vờ….,"Dùng trong trường hợp thực hiện hành động giả vờ như một tình trạng, hành động nào đó không đúng với sự thật","1. 彼 はそのことについて 知 っているふりをしているが、 本当 は 知 らないと 思 う。
   👉 Anh ấy giả vờ như biết về việc đó nhưng tôi nghĩ thật ra anh ta không biết đâu
2. 田中 さんは 独身 のふりをしているが、 結婚 していて３ 人 も 子 どもがいる。
   👉 Tanaka giả vờ như còn độc thân nhưng đã kết hôn và có đến 3 đứa con rồi","1. 彼(かれ) はそのことについて 知(し) っているふりをしているが、 本当(ほんとう) は 知(し) らないと 思(おも) う。
   👉 Anh ấy giả vờ như biết về việc đó nhưng tôi nghĩ thật ra anh ta không biết đâu
2. 田中(たなか) さんは 独身(どくしん) のふりをしているが、 結婚(けっこん) していて３ 人(ひと) も 子(こ) どもがいる。
   👉 Tanaka giả vờ như còn độc thân nhưng đã kết hôn và có đến 3 đứa con rồi",https://www.vnjpclub.com/somatome-n3-ngu-phap/tuan-3-6.html
63,Tuần 4,Ngày 1,第4週 (1) – 子供のくせに,～あなたにとって,～あなたにとって,Nに ＋ とって とっては とっても,Đối với,,"1. あなたにとって、いちばん 大切 なものは 何 ですか。
   👉 Đối với bạn, cái quan trọng nhất là cái gì?
2. このあたりの 人 々にとっては、 車 は 必需品 です。
   👉 Đối với người vùng này thì xe hơi là nhu yếu phẩm đấy","1. あなたにとって、いちばん 大切(たいせつ) なものは 何(なん) ですか。
   👉 Đối với bạn, cái quan trọng nhất là cái gì?
2. このあたりの 人(ひと) 々にとっては、 車(くるま) は 必需品(ひつじゅひん) です。
   👉 Đối với người vùng này thì xe hơi là nhu yếu phẩm đấy",https://www.vnjpclub.com/somatome-n3-ngu-phap/tuan-4-1.html
64,Tuần 4,Ngày 1,第4週 (1) – 子供のくせに,～ 年 のわりには,～ 年(とし) のわりには,V／A／N（ 普通 形 ） N だ の A だ な ＋ わりに わりには,"Cho dẫu, mặc cho","Dùng khi miêu tả, thể hiện trường hợp sự vật, sự việc trái ngược với lẽ thường, lẽ tự nhiên. Thể hiện cảm xúc ngạc nhiên, bất ngờ, ngoài dự tính","1. 年 のわりには 若 く 見 える。
   👉 Mặc cho tuổi tác trông vẫn trẻ
2. お 金 がない（と 言 っている）わりに、よく 買 い 物 をするね。
   👉 Dù không có tiền vậy mà vẫn hay mua sắm nhỉ","1. 年(とし) のわりには 若(わか) く 見(み) える。
   👉 Mặc cho tuổi tác trông vẫn trẻ
2. お 金(かね) がない（と 言(い) っている）わりに、よく 買(か) い 物(もの) をするね。
   👉 Dù không có tiền vậy mà vẫn hay mua sắm nhỉ",https://www.vnjpclub.com/somatome-n3-ngu-phap/tuan-4-1.html
65,Tuần 4,Ngày 1,第4週 (1) – 子供のくせに,～ 知 っているくせに,～ 知(し) っているくせに,V／A／N（ 普通 形 ） N だ の A だ な ＋ くせに,Thế mà,"Dùng trong trường hợp muốn phàn nàn, khó chịu về sự việc không hay đã xảy ra trong khi đáng lẽ không phải như vậy. Người dùng mang cảm giác không vui, khó chịu về vấn đề","1. 知 っているくせに、 教 えてくれない。
   👉 Biết thế mà không chỉ
2. 元気 なくせに、 病気 のふりをしている。
   👉 Khỏe thế mà lại giả vờ bị bệnh","1. 知(し) っているくせに、 教(おし) えてくれない。
   👉 Biết thế mà không chỉ
2. 元気(げんき) なくせに、 病気(びょうき) のふりをしている。
   👉 Khỏe thế mà lại giả vờ bị bệnh",https://www.vnjpclub.com/somatome-n3-ngu-phap/tuan-4-1.html
66,Tuần 4,Ngày 1,第4週 (1) – 子供のくせに,～お 化粧 なんか,～お 化粧(けしょう) なんか,N Nで／Aな Vて Aく ＋ なんか なんて など,"Mấy cái thứ như là, mấy chuyện kiểu như","Dùng trong trường hợp muốn đánh giá thấp một sự việc, sự vật nào đó. Người nói muốn nhấn mạnh sự phủ định với sự việc sự vật. Theo sau thường là động từ mang ý phủ định","1. お 化粧 なんかしてはいけません。
   👉 Mấy chuyện như trang điểm thì không được
2. 納豆 なんて 嫌 いだ。
   👉 Mấy thứ như natto là tôi ghét đấy
3. 「 泣 いてるの？」「 泣 いてなんかいないよ！」
   👉 “Khóc hả?””Tôi mà khóc gì chứ!”
4. 日本語 でスピーチなどできません。
   👉 Với tiếng Nhật thì mấy chuyện như speech là tôi không thể đâu","1. お 化粧(けしょう) なんかしてはいけません。
   👉 Mấy chuyện như trang điểm thì không được
2. 納豆(なっとう) なんて 嫌(きら) いだ。
   👉 Mấy thứ như natto là tôi ghét đấy
3. 「 泣(な) いてるの？」「 泣(な) いてなんかいないよ！」
   👉 “Khóc hả?””Tôi mà khóc gì chứ!”
4. 日本語(にほんご) でスピーチなどできません。
   👉 Với tiếng Nhật thì mấy chuyện như speech là tôi không thể đâu",https://www.vnjpclub.com/somatome-n3-ngu-phap/tuan-4-1.html
67,Tuần 4,Ngày 2,第4週 (2) – そのかわり,～ 先生 のおかげで,～ 先生(せんせい) のおかげで,V／A／N（ 普通 形 ） A だ な N だ の ＋ おかげで おかげだ,Nhờ có,"Dùng để nhắc đến kết quả tốt đẹp nhờ vào sự việc, con người nào đó. (lý do) Mang hàm ý biết ơn","1. 先生 のおかげで 合格 できました。
   👉 Nhờ có giáo viên mà tôi đã đậu
2. 日本 へ 来 たおかげで、 日本語 が 上手 になった。
   👉 Nhờ đã đến Nhật mà tiếng Nhật đã giỏi lên","1. 先生(せんせい) のおかげで 合格(ごうかく) できました。
   👉 Nhờ có giáo viên mà tôi đã đậu
2. 日本(にっぽん) へ 来(き) たおかげで、 日本語(にほんご) が 上手(じょうず) になった。
   👉 Nhờ đã đến Nhật mà tiếng Nhật đã giỏi lên",https://www.vnjpclub.com/somatome-n3-ngu-phap/tuan-4-2.html
68,Tuần 4,Ngày 2,第4週 (2) – そのかわり,～ 遅 れたせいで,～ 遅(おく) れたせいで,V／A／N（ 普通 形 ） A だ な N だ の ＋ せいで せいか せいた,"Vì, do せいか：Hình như là vì",Dùng khi muốn nhắc đến lý do liên đới tới một kết quả xấu Mang hàm ý trách móc,"1. バスが 遅 れたせいで、 約束 の 時間 に 間 に 合 わなかった。
   👉 Vì xe buýt trễ nên đã không kịp giờ hẹn
2. 疲 れたせいか、 頭 が 痛 い。
   👉 Hình như vì mệt nên đau đầu","1. バスが 遅(おく) れたせいで、 約束(やくそく) の 時間(じかん) に 間(ま) に 合(あ) わなかった。
   👉 Vì xe buýt trễ nên đã không kịp giờ hẹn
2. 疲(つか) れたせいか、 頭(あたま) が 痛(いた) い。
   👉 Hình như vì mệt nên đau đầu",https://www.vnjpclub.com/somatome-n3-ngu-phap/tuan-4-2.html
69,Tuần 4,Ngày 2,第4週 (2) – そのかわり,～ビールのかわりに,～ビールのかわりに,V／A／N（ 普通 形 ） A だ な N だ の ＋ かわりに そのかわり（に）,Thay cho….,"Dùng để thể hiện sự thay thế tương đương của sự vật, sự việc này với sự vật, sự việc khác","1. 車 で 来 たので、ビールのかわりにジュースをください。
   👉 Vì đã đến bằng xe hơi nên hãy cho tôi nước ép thay vì bia
2. 日曜日 に 働 いたかわりに、 今日 休 みを 取 りました。
   👉 Đã xin nghỉ hôm nay thay cho đã làm việc ngày chủ nhật","1. 車(くるま) で 来(き) たので、ビールのかわりにジュースをください。
   👉 Vì đã đến bằng xe hơi nên hãy cho tôi nước ép thay vì bia
2. 日曜日(にちようび) に 働(はたら) いたかわりに、 今日(きょう) 休(やす) みを 取(と) りました。
   👉 Đã xin nghỉ hôm nay thay cho đã làm việc ngày chủ nhật",https://www.vnjpclub.com/somatome-n3-ngu-phap/tuan-4-2.html
70,Tuần 4,Ngày 2,第4週 (2) – そのかわり,～ 部長 にかわって,～ 部長(ぶちょう) にかわって,Nに ＋ かわって かわり だめ： ビールにかわってジュースをください,"Thay thế cho, thay mặt cho","Dùng để thể hiện sự thay thế tương đương của sự vật, sự việc, con người Đi sau thường không dùng thể mệnh lệnh, sai khiến","1. 出張中 の 部長 にかわって、 私 がごあいさつさせていただきます 。
   👉 Thay mặt cho trưởng phòng đang đi công tác, tôi xin phép được giới thiệu
2. 野球 にかわり、サッカーがさかんになってきた。
   👉 Bóng đá đã trở nên phổ biến thay cho bóng chày","1. 出張中(しゅっちょうちゅう) の 部長(ぶちょう) にかわって、 私(わたし) がごあいさつさせていただきます 。
   👉 Thay mặt cho trưởng phòng đang đi công tác, tôi xin phép được giới thiệu
2. 野球(やきゅう) にかわり、サッカーがさかんになってきた。
   👉 Bóng đá đã trở nên phổ biến thay cho bóng chày",https://www.vnjpclub.com/somatome-n3-ngu-phap/tuan-4-2.html
71,Tuần 4,Ngày 3,第4週 (3) – 見れば見るほど,～ 米粒 くらい／ 米粒 ほど,～ 米粒(こめつぶ) くらい／ 米粒(こめつぶ) ほど,N Aな Aい Vる ＋ くらい ぐらい ほど ＋ だ に のN,"Đến cỡ, đến mức, cỡ","Dùng để nói đến mức độ, quy mô dùng so sánh với sự vật, sự việc","1. それは 米粒 くらいの 大 きさです。
   👉 Cái đó có độ lớn cỡ hạt gạo
2. この 洗剤 は、おもしろいほど 汚 れが 落 ちる。
   👉 Loại nước tẩy này làm vết bẩn trôi đi đến kinh ngạc
3. あきるほど 食 べた
   👉 Đã ăn đến mức ngán
4. 宿題 が 多 すぎて、 泣 きたいくらいだ。
   👉 Bài tập quá nhiều đến mức phát khóc","1. それは 米粒(こめつぶ) くらいの 大(おお) きさです。
   👉 Cái đó có độ lớn cỡ hạt gạo
2. この 洗剤(せんざい) は、おもしろいほど 汚(よご) れが 落(お) ちる。
   👉 Loại nước tẩy này làm vết bẩn trôi đi đến kinh ngạc
3. あきるほど 食(た) べた
   👉 Đã ăn đến mức ngán
4. 宿題(しゅくだい) が 多(おお) すぎて、 泣(な) きたいくらいだ。
   👉 Bài tập quá nhiều đến mức phát khóc",https://www.vnjpclub.com/somatome-n3-ngu-phap/tuan-4-3.html
72,Tuần 4,Ngày 3,第4週 (3) – 見れば見るほど,～ 若 い 人 ほど,～ 若(わか) い 人(ひと) ほど,Aい Aな ＋ ほど Nほど,"Phía, bên…(hơn)","Dùng để nói đến một phía, một bên nào đó thì sẽ có đặc điểm hơn/kém hơn như thế nào","1. 若 い 人 ほど 朝寝坊 をする。
   👉 Phía người trẻ thường ngủ nướng hơn
2. 伝統的 なものは、 古 いほど 価値 がある。
   👉 Những đồ truyền thống thì phía cổ có giá trị hơn","1. 若(わか) い 人(ひと) ほど 朝寝坊(あさねぼう) をする。
   👉 Phía người trẻ thường ngủ nướng hơn
2. 伝統的(でんとうてき) なものは、 古(ふる) いほど 価値(かち) がある。
   👉 Những đồ truyền thống thì phía cổ có giá trị hơn",https://www.vnjpclub.com/somatome-n3-ngu-phap/tuan-4-3.html
73,Tuần 4,Ngày 3,第4週 (3) – 見れば見るほど,～ 知 ればほど,～ 知(し) ればほど,VばVるほど AければAいほど AならばAなほど,Càng….càng….,Dùng để thể hiện mức độ kết quả càng tăng khi đặc tính của sự vật càng tăng,"1. 彼 のことを 知 れば 知 るほど 好 きになる。
   👉 Càng hiểu về anh ấy thì lại càng thích
2. 荷物 は 少 なければ 少 ないほどいい。
   👉 Đồ đạc càng ít càng tốt","1. 彼(かれ) のことを 知(し) れば 知(し) るほど 好(す) きになる。
   👉 Càng hiểu về anh ấy thì lại càng thích
2. 荷物(にもつ) は 少(すく) なければ 少(すく) ないほどいい。
   👉 Đồ đạc càng ít càng tốt",https://www.vnjpclub.com/somatome-n3-ngu-phap/tuan-4-3.html
74,Tuần 4,Ngày 3,第4週 (3) – 見れば見るほど,～ 彼女 くらい 親切 な 人 はいない,～ 彼女(かのじょ) くらい 親切(しんせつ) な 人(ひと) はいない,Nくらい Nほど ＋ N［ 人 ］はいない N［ 物 ・ 事 ］は ない,Cỡ như….thì không….,"Dùng trong trường hợp đề cao mức độ của sự vật, sự việc, con người. Mang ý khẳng định ngoài sự vật, sự việc, con người đó thì không có tương đương để thay thế","1. 彼女 くらい 親切 な 人 はいない。
   👉 Người tốt bụng cỡ như cô ấy thì không có đâu
2. 今年 ほど 雪 の 降 った 年 はなかった。
   👉 Chưa có năm nào tuyết rơi như năm nay","1. 彼女(かのじょ) くらい 親切(しんせつ) な 人(ひと) はいない。
   👉 Người tốt bụng cỡ như cô ấy thì không có đâu
2. 今年(ことし) ほど 雪(ゆき) の 降(ふ) った 年(とし) はなかった。
   👉 Chưa có năm nào tuyết rơi như năm nay",https://www.vnjpclub.com/somatome-n3-ngu-phap/tuan-4-3.html
75,Tuần 4,Ngày 4,第4週 (4) – やってみることだ,～あやまりことはない,～あやまりことはない,Vることはない,Không cần phải….,Dùng trong trường hợp muốn nói với đối phương không nhất thiết phải thực hiện một hành động nào đó. Dù không thực hiện hành động đó vẫn chấp nhận được.,"1. 君 があやまることはないよ。
   👉 Cậu không cần phải xin lỗi đâu
2. 来 ることはありません。 郵送 でいいですよ。
   👉 Không cần đến đâu. Gửi bưu điện là được rồi","1. 君(きみ) があやまることはないよ。
   👉 Cậu không cần phải xin lỗi đâu
2. 来(く) ることはありません。 郵送(ゆうそう) でいいですよ。
   👉 Không cần đến đâu. Gửi bưu điện là được rồi",https://www.vnjpclub.com/somatome-n3-ngu-phap/tuan-4-4.html
76,Tuần 4,Ngày 4,第4週 (4) – やってみることだ,～ 遅 れるということだ,～ 遅(おく) れるということだ,V／A／N（ 普通 形 ） N ＋ ということだ,"Dường như là, có nghĩa là, sự thật là","Gồm 2 nghĩa chính: – Nói đến sự việc nghe thấy/đọc được – Nói đến ý nghĩa, sự thật, kết quả rút ra Có thể dùng động từ ở dạng ý hướng, mệnh lệnh","1. 田中 さんから 電話 があって、 少 し 遅れる れるということです。
   👉 Có điện thoại từ Tanaka, dường như là sẽ trễ một chút
2. 試験 の 結果 は70％、つまり 合格 ということだ。
   👉 Kết quả thi khoảng 70%, tức là đậu rồi","1. 田中(たなか) さんから 電話(でんわ) があって、 少(すこ) し 遅れる(おく) れるということです。
   👉 Có điện thoại từ Tanaka, dường như là sẽ trễ một chút
2. 試験(しけん) の 結果(けっか) は70％、つまり 合格(ごうかく) ということだ。
   👉 Kết quả thi khoảng 70%, tức là đậu rồi",https://www.vnjpclub.com/somatome-n3-ngu-phap/tuan-4-4.html
77,Tuần 4,Ngày 4,第4週 (4) – やってみることだ,～ 休 むことだ,～ 休(やす) むことだ,Vる／Vない ことだ,"Nghĩa là, nên",Dùng trong trường hợp đưa ra lời khuyên về sự việc nào đó,"1. 暖 かくして、ゆっくり 休 むことだ。
   👉 Nên giữ ấm và nghỉ ngơi từ từ
2. 無理 をしないことです。
   👉 Không nên cố gắng quá sức","1. 暖(だん) かくして、ゆっくり 休(やす) むことだ。
   👉 Nên giữ ấm và nghỉ ngơi từ từ
2. 無理(むり) をしないことです。
   👉 Không nên cố gắng quá sức",https://www.vnjpclub.com/somatome-n3-ngu-phap/tuan-4-4.html
78,Tuần 4,Ngày 4,第4週 (4) – やってみることだ,～どんなにうれしことか,～どんなにうれしことか,どんなに どれだけ どれほど 何度 何時間 ＋ Aいことか Aかったことか Aなことか Aだったことか Vることか Vたことか,"Rất, biết bao lần, biết bao thời gian…","Dùng để thể hiện mức độ cao, tần suất nhiều của sự việc, đặc điểm Mang ý cảm thán","1. 合格 できたら、どんなにうれしいことか。
   👉 Nếu đậu thì tôi sẽ vui sướng biết bao
2. 何度 注意 したことか。
   👉 Đã nhắc nhở biết bao nhiêu lần rồi","1. 合格(ごうかく) できたら、どんなにうれしいことか。
   👉 Nếu đậu thì tôi sẽ vui sướng biết bao
2. 何度(なんど) 注意(ちゅうい) したことか。
   👉 Đã nhắc nhở biết bao nhiêu lần rồi",https://www.vnjpclub.com/somatome-n3-ngu-phap/tuan-4-4.html
79,Tuần 4,Ngày 5,第4週 (5) – 聞いてみるしかない,～ 来週 だっけ？,～ 来週(らいしゅう) だっけ？,Nだ／Nだったっけ A（な）だ／Aだったっけ Aかったっけ Vたっけ でしたっけ／ましたって,Phải vậy không?,"Dùng để xác nhận lại lần nữa sự việc, sự vật, đặc điểm Thường dùng trong thể nói thông dụng, thân mật","1. 国 へ 帰 るのは、 来週 だ（った）っけ？
   👉 Trở về nước là tuần sua phải không?
2. 明日 のパーテイーのこと、 話 し（まし）たっけ？
   👉 Tôi đã nói về vụ bữa tiệc ngày mai đúng không?","1. 国(くに) へ 帰(かえ) るのは、 来週(らいしゅう) だ（った）っけ？
   👉 Trở về nước là tuần sua phải không?
2. 明日(あした) のパーテイーのこと、 話(はな) し（まし）たっけ？
   👉 Tôi đã nói về vụ bữa tiệc ngày mai đúng không?",https://www.vnjpclub.com/somatome-n3-ngu-phap/tuan-4-5.html
80,Tuần 4,Ngày 5,第4週 (5) – 聞いてみるしかない,～やるしかない,～やるしかない,Vるしか ない,"Chỉ còn cách, chẳng còn cách nào khác ngoài",Dùng khi muốn nhấn mạnh vào tình huống khó khăn và chỉ còn một cách giải quyết,"1. できるまで、やるしかない。
   👉 Chỉ còn cách luyện tập cho đến khi làm được
2. 直 せないから、 新 しいのを 買 うしなかった。
   👉 Vì không thể sửa được nên chỉ còn cách mua cái mới","1. できるまで、やるしかない。
   👉 Chỉ còn cách luyện tập cho đến khi làm được
2. 直(なお) せないから、 新(あたら) しいのを 買(か) うしなかった。
   👉 Vì không thể sửa được nên chỉ còn cách mua cái mới",https://www.vnjpclub.com/somatome-n3-ngu-phap/tuan-4-5.html
81,Tuần 4,Ngày 5,第4週 (5) – 聞いてみるしかない,～結婚結婚してるんだって,～結婚結婚してるんだって,V／A／N（ 普通 形 ）（んだ）って N／Aな（なん）だって ～までだて／～からだって ～だけだって,Nghe nói là,"Dùng khi muốn tường thuật lại sự việc nghe được Thường dùng trong thể văn nói thân mật, thông dụng. Nữ thường dùng “でして”","1. 「 田中 さん、 結婚 してるんだって。」「へー、 知 らなかった。」
   👉 “Tanaka, nghe nói đã kết hôn rồi” “Hả, tôi không biết đấy”
2. 「 試験 の 範囲 は、 教科書 の 最初 から50ページまでだって。」
   👉 “Phạm vi của kỳ thi nghe nói là từ đầu sách giáo khoa khoảng trang 50 đấy.””","1. 「 田中(たなか) さん、 結婚(けっこん) してるんだって。」「へー、 知(し) らなかった。」
   👉 “Tanaka, nghe nói đã kết hôn rồi” “Hả, tôi không biết đấy”
2. 「 試験(しけん) の 範囲(はんい) は、 教科書(きょうかしょ) の 最初(さいしょ) から50ページまでだって。」
   👉 “Phạm vi của kỳ thi nghe nói là từ đầu sách giáo khoa khoảng trang 50 đấy.””",https://www.vnjpclub.com/somatome-n3-ngu-phap/tuan-4-5.html
82,Tuần 4,Ngày 5,第4週 (5) – 聞いてみるしかない,～だってまずいんだもん,～だってまずいんだもん,V／A／N（ 普通 形 ）（んだ）もん N／Aな（なん）だもん,Thì là vì….,"Dùng để giải thích lý do kèm theo tâm trạng không vui vẻ, khó chịu, thất vọng Thường dùng trong văn nói thân mật, thông dụng","1. 「どうして 食 べないの？」「だって、まずいんだもん。」
   👉 “Sao không ăn thế?””Thì vì dở quá mà”
2. 今日 の 試験 、できなかった・・・。 勉強 しなかったんだもん、 仕方 がない。
   👉 Kỳ thi hôm nay tôi không thể làm được…thì là vì không học nên đâu còn cách nào khác","1. 「どうして 食(た) べないの？」「だって、まずいんだもん。」
   👉 “Sao không ăn thế?””Thì vì dở quá mà”
2. 今日(きょう) の 試験(しけん) 、できなかった・・・。 勉強(べんきょう) しなかったんだもん、 仕方(しかた) がない。
   👉 Kỳ thi hôm nay tôi không thể làm được…thì là vì không học nên đâu còn cách nào khác",https://www.vnjpclub.com/somatome-n3-ngu-phap/tuan-4-5.html
83,Tuần 4,Ngày 6,第4週 (6) – つまり,～ 父 の 兄 、つまり 伯父,～ 父(ちち) の 兄(あに) 、つまり 伯父(おじ),つまり,Tức là,"Dùng để lặp lại một sự vật, sự việc với một cách nói, cách gọi khác tương đương","1. 父 の 兄 、つまり 私 の 伯父 は、 医者 をしている。
   👉 Anh của ba tôi, tức là bác tôi, đang làm bác sĩ
2. 田中 さんは、 携帯 もパソコンも 持 っていない。つまり、メールで 連絡 はできないのだ。
   👉 Tanaka không có cả di động cả máy tính. Tức là, không thể liên lạc qua mail được","1. 父(ちち) の 兄(あに) 、つまり 私(わたし) の 伯父(おじ) は、 医者(いしゃ) をしている。
   👉 Anh của ba tôi, tức là bác tôi, đang làm bác sĩ
2. 田中(たなか) さんは、 携帯(けいたい) もパソコンも 持(も) っていない。つまり、メールで 連絡(れんらく) はできないのだ。
   👉 Tanaka không có cả di động cả máy tính. Tức là, không thể liên lạc qua mail được",https://www.vnjpclub.com/somatome-n3-ngu-phap/tuan-4-6.html
84,Tuần 4,Ngày 6,第4週 (6) – つまり,～ 事故 があった。そのため（に） 遅 れている,～ 事故(じこ) があった。そのため（に） 遅(おく) れている,＜ 目的 ・ 理由 ＞。そのため（に）＜ 結果 ＞。,"Vì thế, Do đó","Dùng làm từ nối tiếp diễn với lý do, mục tiêu được nêu ra trước đó để tiếp nối đến kết quả","1. 隣 の 駅 で 事故 があったらしい。そのために 電車 が 遅 れている。
   👉 Nghe nói có tai nạn ở nhà ga gần đây. Vì thế mà xe điện đang bị trễ.
2. 留学 するつもりだ。そのために、バイトしてお 金 をためている。
   👉 Tôi định đi du học. Vì thế tôi đi làm thêm và đang để dành tiền","1. 隣(となり) の 駅(えき) で 事故(じこ) があったらしい。そのために 電車(でんしゃ) が 遅(おく) れている。
   👉 Nghe nói có tai nạn ở nhà ga gần đây. Vì thế mà xe điện đang bị trễ.
2. 留学(りゅうがく) するつもりだ。そのために、バイトしてお 金(かね) をためている。
   👉 Tôi định đi du học. Vì thế tôi đi làm thêm và đang để dành tiền",https://www.vnjpclub.com/somatome-n3-ngu-phap/tuan-4-6.html
85,Tuần 4,Ngày 6,第4週 (6) – つまり,～ 努力 した。その 結果 成功 した,～ 努力(どりょく) した。その 結果(けっか) 成功(せいこう) した,＜ 過去 に 起 きたこと＞ その 結果 ＜が 原因 ／ 理由 で 起 きたこと＞,Kết quả là,Dùng trong trường hợp một sự việc đã xảy ra trong quá khứ là lý do dẫn đến hậu quả của sự việc tiếp theo. Dùng làm từ nối 2 câu.,"1. 父 は、 人 の 何倍 も 努力 した。その 結果 、 仕事 で 成功 した。
   👉 Ba tôi đã nỗ lực gấp mấy lần của một người. Kết quả là đã thành công trong công việc
2. 3 ヶ月 ダイエットを 続 けた。その 結果 、5キロやせた。
   👉 Tôi đã liên tục ăn kiêng trong 3 tháng. Kết quả là đã giảm 5 kí lô","1. 父(ちち) は、 人(ひと) の 何倍(なんばい) も 努力(どりょく) した。その 結果(けっか) 、 仕事(しごと) で 成功(せいこう) した。
   👉 Ba tôi đã nỗ lực gấp mấy lần của một người. Kết quả là đã thành công trong công việc
2. 3 ヶ月(かげつ) ダイエットを 続(つづ) けた。その 結果(けっか) 、5キロやせた。
   👉 Tôi đã liên tục ăn kiêng trong 3 tháng. Kết quả là đã giảm 5 kí lô",https://www.vnjpclub.com/somatome-n3-ngu-phap/tuan-4-6.html
86,Tuần 4,Ngày 6,第4週 (6) – つまり,～ 帰国 する。なぜなら 結婚式 に 出席 するからだ。,～ 帰国(きこく) する。なぜなら 結婚式(けっこんしき) に 出席(しゅっせき) するからだ。,＜結論＞ ＋ なぜなら（ば） なぜかというと どうしてかというと ＋ ＜原因＞ ＜理由＞,"Nếu nói tại sao thì là vì…, Nếu hỏi sao thì là do,…, Vì","Dùng để nêu lý do, nguyên nhân của một kết luận được nêu trước đó","1. 来週 、 国 に 帰 る 予定 です。なぜなら（ば）、 親友 の 結婚式 に 出席 するからです。
   👉 Tuần sau dự định về nước. Nếu hỏi tại sao thì là vì tôi sẽ tham dự đám cưới của bạn thân
2. 学校 を 変 えた。なぜかというと、ぼくのレベルのクラスがなかったからだ。
   👉 Tôi đã chuyển trường. Nếu nói là tại sao thì là do không có lớp ở trình độ của tôi","1. 来週(らいしゅう) 、 国(くに) に 帰(かえ) る 予定(よてい) です。なぜなら（ば）、 親友(しんゆう) の 結婚式(けっこんしき) に 出席(しゅっせき) するからです。
   👉 Tuần sau dự định về nước. Nếu hỏi tại sao thì là vì tôi sẽ tham dự đám cưới của bạn thân
2. 学校(がっこう) を 変(か) えた。なぜかというと、ぼくのレベルのクラスがなかったからだ。
   👉 Tôi đã chuyển trường. Nếu nói là tại sao thì là do không có lớp ở trình độ của tôi",https://www.vnjpclub.com/somatome-n3-ngu-phap/tuan-4-6.html
87,Tuần 5,Ngày 1,第5週 (1) – こどもばかりか,～ 勉強 はもちろん,～ 勉強(べんきょう) はもちろん,Nはもちろん Nも ［ 文 ］のはもちろん～（も）,(Danh từ) là đương nhiên rồi nhưng cả (Danh từ ‘),"Dùng để thể hiện một sự vật sự việc cũng có một đặc điểm (tốt) tương tự như một đặc điểm đương nhiên khác. Thường thể hiện ý khen ngợi, hay ngạc nhiên","1. 彼 は 勉強 はもちろんスポーツもよくできる。
   👉 Anh ấy việc học là đương nhiên rồi nhưng cả thể thao cũng có thể chơi tốt
2. キャベツは 炒 めて 食 べるはもちろん、 生 で 食 べてもおいしいです。
   👉 Bắp cải thì xào ăn là đương nhiên rồi nhưng ăn sống cũng ngon đấy","1. 彼(かれ) は 勉強(べんきょう) はもちろんスポーツもよくできる。
   👉 Anh ấy việc học là đương nhiên rồi nhưng cả thể thao cũng có thể chơi tốt
2. キャベツは 炒(いた) めて 食(た) べるはもちろん、 生(なま) で 食(た) べてもおいしいです。
   👉 Bắp cải thì xào ăn là đương nhiên rồi nhưng ăn sống cũng ngon đấy",https://www.vnjpclub.com/somatome-n3-ngu-phap/tuan-5-1.html
88,Tuần 5,Ngày 1,第5週 (1) – こどもばかりか,～ 味 が 悪 いばかりか,～ 味(あじ) が 悪(わる) いばかりか,V／A／N（ 普通 形 ） N だ A だ な ＋ ばかりか・・・（も） ばかりでなく・・・（も）,Không chỉ có….mà còn…,"Dùng khi thể hiện sự việc, sự vật có thêm một đặc điểm (không tốt) ngoài đặc điểm đã biết Thể hiện sự khó chịu, thất vọng, không hài lòng","1. あの 店 は、 味 が 悪 いばかりか、 店員 の 態度 もひどい。
   👉 Tiệm đó thì không chỉ vị dở mà thái độ của nhân viên cũng tệ
2. 私 は、 漢字 ばかりか、まだひらがなも 書 けません。
   👉 Tôi thì không chỉ là chữ Hán mà cả Hiragana cũng không thể viết được","1. あの 店(みせ) は、 味(あじ) が 悪(わる) いばかりか、 店員(てんいん) の 態度(たいど) もひどい。
   👉 Tiệm đó thì không chỉ vị dở mà thái độ của nhân viên cũng tệ
2. 私(わたし) は、 漢字(かんじ) ばかりか、まだひらがなも 書(か) けません。
   👉 Tôi thì không chỉ là chữ Hán mà cả Hiragana cũng không thể viết được",https://www.vnjpclub.com/somatome-n3-ngu-phap/tuan-5-1.html
89,Tuần 5,Ngày 1,第5週 (1) – こどもばかりか,～ 昨年 に 比 べて,～ 昨年(さくねん) に 比(くら) べて,Nに ［ 文 ］のに ＋ 比 べて 比 べ,"So với, so sánh với","Dùng trong trường hợp so sánh giữa hai sự vật, sự việc","1. 試験 問題 は 昨年 に 比 べて 易 しくなった。
   👉 Đề bài thi dễ hơn so với năm ngoái
2. 店 で 買 うのに 比 べ、 通信販売 は 便利 だが、 欠点 もある。
   👉 So với việc mua ở cửa tiệm, bán hàng truyền thông tiện lợi nhưng mà cũng có khuyết điểm","1. 試験(しけん) 問題(もんだい) は 昨年(さくねん) に 比(くら) べて 易(やさ) しくなった。
   👉 Đề bài thi dễ hơn so với năm ngoái
2. 店(みせ) で 買(か) うのに 比(くら) べ、 通信販売(つうしんはんばい) は 便利(べんり) だが、 欠点(けってん) もある。
   👉 So với việc mua ở cửa tiệm, bán hàng truyền thông tiện lợi nhưng mà cũng có khuyết điểm",https://www.vnjpclub.com/somatome-n3-ngu-phap/tuan-5-1.html
90,Tuần 5,Ngày 1,第5週 (1) – こどもばかりか,～ 生徒 に 対 して,～ 生徒(せいと) に 対(たい) して,Nに [ 文 ]のに ＋ 対 して 対 し 対 しては 対 しても 対 するN,"Đối với, đối với…thì, đối với…cũng, ….đối với….","Dùng thể hiện thái độ, hành động đối với một sự việc vấn đề Hoặc dùng khi thể hiện hai sự việc, sự vật đối lập nhau","1. 田中 先生 は、 生徒 に 対 して 厳 しい。
   👉 Thầy Tanaka nghiêm khắc với học trò
2. まじめな 長男 に 対 して、 次男 は 遊 んでばかりで 学校 もよく 休 む 。
   👉 Đối lập với con trai trưởng chăm chỉ thì con trai thứ chỉ toàn chơi bời và thường hay nghỉ","1. 田中(たなか) 先生(せんせい) は、 生徒(せいと) に 対(たい) して 厳(きび) しい。
   👉 Thầy Tanaka nghiêm khắc với học trò
2. まじめな 長男(ちょうなん) に 対(たい) して、 次男(じなん) は 遊(あそ) んでばかりで 学校(がっこう) もよく 休(やす) む 。
   👉 Đối lập với con trai trưởng chăm chỉ thì con trai thứ chỉ toàn chơi bời và thường hay nghỉ",https://www.vnjpclub.com/somatome-n3-ngu-phap/tuan-5-1.html
91,Tuần 5,Ngày 2,第5週 (2) – 炊きたて,～ 書 き 上 げる,～ 書(か) き 上(あ) げる,V ます ＋ 上げる 上がる,Làm….xong,"Dùng để nói đến việc hoàn thành hoàn toàn, kết thúc một công việc. Có thể dùng cả tự và tha động từ","1. やっとレポートを 書 き 上 げた。
   👉 Cuối cùng đã viết xong báo cáo.
2. ケーキが 焼 き 上 がりましたよ。
   👉 Bánh đã nướng xong rồi.","1. やっとレポートを 書(か) き 上(あ) げた。
   👉 Cuối cùng đã viết xong báo cáo.
2. ケーキが 焼(や) き 上(あ) がりましたよ。
   👉 Bánh đã nướng xong rồi.",https://www.vnjpclub.com/somatome-n3-ngu-phap/tuan-5-2.html
92,Tuần 5,Ngày 2,第5週 (2) – 炊きたて,～ 食 べない,～ 食(た) べない,V ます ＋ 切る 切れる V ます 切 れない,(Động từ) hết…/ Không hết,"Dùng khi sử dụng hết sự vật, sự việc nào đó, không còn sót lại Ngược lại, với thể phụ định sẽ biểu hiện sự không kết thúc, kéo dài của hành động hoặc tính chất của sự vật","1. ご 飯 の 量 が 多 くて、 食 べ 切 れないよ。
   👉 Lượng cơm nhiều quá nên tôi ăn không hết đâu.
2. 長 い 小説 を、2 日 間 で 読 み 切 った。
   👉 Đã đọc hết veo quyển tiểu thuyết dài trong vòng hai ngày
3. 疲 れ 切 ったようす。
   👉 Tình trạng hoàn toàn mệt mỏi.","1. ご 飯(はん) の 量(りょう) が 多(おお) くて、 食(た) べ 切(き) れないよ。
   👉 Lượng cơm nhiều quá nên tôi ăn không hết đâu.
2. 長(なが) い 小説(しょうせつ) を、2 日(ひ) 間(かん) で 読(よ) み 切(き) った。
   👉 Đã đọc hết veo quyển tiểu thuyết dài trong vòng hai ngày
3. 疲(つか) れ 切(き) ったようす。
   👉 Tình trạng hoàn toàn mệt mỏi.",https://www.vnjpclub.com/somatome-n3-ngu-phap/tuan-5-2.html
93,Tuần 5,Ngày 2,第5週 (2) – 炊きたて,～ 読 みかけの 本,～ 読(よ) みかけの 本(ほん),V ます ＋ かける かけのN かけだ,"Chưa xong, dở dang","Dùng trong trường hợp hành động đang còn được thực hiện (dù có thể không liên tục) , vẫn chưa kết thúc hoàn toàn","1. この 本 はまだ 読 みかけだ。
   👉 Cuốn sách này tôi vẫn đang dọc dở dang.
2. おふろに 入 りかけたときに 電話 が 鳴 った。
   👉 Lúc đang tắm thì có điện thoại reo","1. この 本(ほん) はまだ 読(よ) みかけだ。
   👉 Cuốn sách này tôi vẫn đang dọc dở dang.
2. おふろに 入(はい) りかけたときに 電話(でんわ) が 鳴(な) った。
   👉 Lúc đang tắm thì có điện thoại reo",https://www.vnjpclub.com/somatome-n3-ngu-phap/tuan-5-2.html
94,Tuần 5,Ngày 2,第5週 (2) – 炊きたて,～ 焼 きたてのパン,～ 焼(や) きたてのパン,V ます たてのN V ます たてだ Không dùng: たてる、 読 みたて、 寝 たて、 食 べたて,Mới…xong,"Dùng trong trường hợp hành động vừa mới kết thúc Thường dùng với nghĩa “tươi, mới, nóng hổi…”","1. 焼 きたてのパンはおいしい。
   👉 Bánh mì mới nướng thì ngon
2. あのスーパーは、とりたての 新鮮 な 野菜 を 売 っている。
   👉 Siêu thị kia đang bán rau quả tươi mới hái đấy","1. 焼(や) きたてのパンはおいしい。
   👉 Bánh mì mới nướng thì ngon
2. あのスーパーは、とりたての 新鮮(しんせん) な 野菜(やさい) を 売(う) っている。
   👉 Siêu thị kia đang bán rau quả tươi mới hái đấy",https://www.vnjpclub.com/somatome-n3-ngu-phap/tuan-5-2.html
95,Tuần 5,Ngày 3,第5週 (3) – 受かっていたらいいな,～うまく 話 せるといいなあ,～うまく 話(はな) せるといいなあ,V／A／N（ 普通 形 ）と いい（のに）なあ。,"Ước gì…, mong sao","Dùng để thể hiện ý muốn, mong ước của cá nhân. Thuộc dạng câu cảm thán","1. もっと 日本語 がうまく 話 せたらいいなあ。
   👉 Ước gì tôi có thể nói tiếng Nhật trôi chảy hơn
2. 明日 、 雨 が 降 らないといいなあ。
   👉 Ước gì ngày mai trời không mưa","1. もっと 日本語(にほんご) がうまく 話(はな) せたらいいなあ。
   👉 Ước gì tôi có thể nói tiếng Nhật trôi chảy hơn
2. 明日(あした) 、 雨(あめ) が 降(ふ) らないといいなあ。
   👉 Ước gì ngày mai trời không mưa",https://www.vnjpclub.com/somatome-n3-ngu-phap/tuan-5-3.html
96,Tuần 5,Ngày 3,第5週 (3) – 受かっていたらいいな,～もっと 早 く 家 をばよかった,～もっと 早(はや) く 家(いえ) をばよかった,Vば Vなければ Vたら Vなかったら ＋ よかった,Giá mà …. thì đã tốt rồi,Dùng thể hiện ý hối hận về sự việc đã xảy ra không như mong muốn của bản thân,"1. 遅刻 してしまった。もっと 早 く 家 を 出 ればよかった。
   👉 Tôi đã bị trễ. Giá mà tôi ra khỏi nhà sớm hơn
2. 田中 さんにあんなことを 言 わなければよかった。
   👉 Giá mà tôi đã không nói những lời như thế với Tanaka","1. 遅刻(ちこく) してしまった。もっと 早(はや) く 家(いえ) を 出(で) ればよかった。
   👉 Tôi đã bị trễ. Giá mà tôi ra khỏi nhà sớm hơn
2. 田中(たなか) さんにあんなことを 言(い) わなければよかった。
   👉 Giá mà tôi đã không nói những lời như thế với Tanaka",https://www.vnjpclub.com/somatome-n3-ngu-phap/tuan-5-3.html
97,Tuần 5,Ngày 3,第5週 (3) – 受かっていたらいいな,～あなたも 行 けばよかったのに,～あなたも 行(い) けばよかったのに,Vば～ Vたら～ ＋ のに,Thế mà…/ Giá mà…,Dùng thể hiện ý tiếc nuối về sự việc đã xảy ra không như mong muốn của bản thân,"1. パーテイー、 楽 しかったよ。 君 も 行 けばよかったのに 。
   👉 Bữa tiệc vui lắm đấy. Giá mà bạn cũng đến được
2. 安 かったら 買 うのに。
   👉 Nếu rẻ thì sẽ mua thế mà…","1. パーテイー、 楽(たの) しかったよ。 君(きみ) も 行(い) けばよかったのに 。
   👉 Bữa tiệc vui lắm đấy. Giá mà bạn cũng đến được
2. 安(やす) かったら 買(か) うのに。
   👉 Nếu rẻ thì sẽ mua thế mà…",https://www.vnjpclub.com/somatome-n3-ngu-phap/tuan-5-3.html
98,Tuần 5,Ngày 3,第5週 (3) – 受かっていたらいいな,～ 早 く 来 ないかなあ。,～ 早(はや) く 来(こ) ないかなあ。,Vる Vない ＋ かな（あ）,"Hay sao.., mong là…, có…không đây","Dùng trong trường hợp thể hiện sự hi vọng, hay sự nghi vấn của bản thân về một vấn đề nào đó Đa phần có hàm ý sự lo lắng, băn khoăn về sự việc xảy ra","1. バス、 早 く 来 ないかなあ。
   👉 Xe bút không tới sớm hay sao nhỉ
2. この 実験 、うまくいくかな。
   👉 Kỳ thực nghiệm này liệu có suôn sẻ không đây
3. 今日 、 富士山 が 見 えるかなあ。
   👉 Hôm nay không biết có gì thấy núi Phú Sĩ không đây","1. バス、 早(はや) く 来(こ) ないかなあ。
   👉 Xe bút không tới sớm hay sao nhỉ
2. この 実験(じっけん) 、うまくいくかな。
   👉 Kỳ thực nghiệm này liệu có suôn sẻ không đây
3. 今日(きょう) 、 富士山(ふじさん) が 見(み) えるかなあ。
   👉 Hôm nay không biết có gì thấy núi Phú Sĩ không đây",https://www.vnjpclub.com/somatome-n3-ngu-phap/tuan-5-3.html
99,Tuần 5,Ngày 4,第5週 (4) – 今晩から明日の朝にかけて,～ 映画 が 始 まるまで,～ 映画(えいが) が 始(はじ) まるまで,Vるまで,Cho đến khi (hành động),Dùng cho trường hợp miêu tả điểm đến của một sự việc nào đó,"1. 映画 が 始 まるまで30 分 あります。
   👉 Cho đến khi phim bắt đầu còn 30 phút
2. 連絡 があるまで 待 っています。
   👉 Đang đợi cho đến khi có liên lạc","1. 映画(えいが) が 始(はじ) まるまで30 分(ぶん) あります。
   👉 Cho đến khi phim bắt đầu còn 30 phút
2. 連絡(れんらく) があるまで 待(ま) っています。
   👉 Đang đợi cho đến khi có liên lạc",https://www.vnjpclub.com/somatome-n3-ngu-phap/tuan-5-4.html
100,Tuần 5,Ngày 4,第5週 (4) – 今晩から明日の朝にかけて,～ 骨 まで 食 べられる,～ 骨(ほね) まで 食(た) べられる,Nまで（それまで、そこまで）,"Cho đến mức là (danh từ), Đến cả","Dùng khi thể hiện sự ngạc nhiên về mức độ nhiều, quá của vấn đề","1. この 魚 は 骨 まで 食 べられますよ。
   👉 Con cá này có thể ăn đến cả xương đấy.
2. あなたまで 私 を 疑 うのですか。
   👉 Đến cả bạn cũng nghi ngờ tôi à?","1. この 魚(さかな) は 骨(ほね) まで 食(た) べられますよ。
   👉 Con cá này có thể ăn đến cả xương đấy.
2. あなたまで 私(わたし) を 疑(うたが) うのですか。
   👉 Đến cả bạn cũng nghi ngờ tôi à?",https://www.vnjpclub.com/somatome-n3-ngu-phap/tuan-5-4.html
101,Tuần 5,Ngày 4,第5週 (4) – 今晩から明日の朝にかけて,～ 昼 から 夕方 にかけて,～ 昼(ひる) から 夕方(ゆうがた) にかけて,N１からN２にかけて N: 時 、 場所,Từ….(trải) đến….,Dùng trong trường hợp miêu tả khoảng thời gian/ không gian mà điểm bắt đầu và kết thúc không xác định chính xác,"1. 明日 は 昼 から 夕方 にかけて 雨 でしょう。
   👉 Ngày mai chắc mưa suốt từ trưa đến chiều.
2. 九州 から 本州 にかけて 梅雨 入 りました。
   👉 Từ kyuushuu tới honshuu đã bước vào mùa mưa.","1. 明日(あした) は 昼(ひる) から 夕方(ゆうがた) にかけて 雨(あめ) でしょう。
   👉 Ngày mai chắc mưa suốt từ trưa đến chiều.
2. 九州(きゅうしゅう) から 本州(ほんしゅう) にかけて 梅雨(つゆ) 入(はい) りました。
   👉 Từ kyuushuu tới honshuu đã bước vào mùa mưa.",https://www.vnjpclub.com/somatome-n3-ngu-phap/tuan-5-4.html
102,Tuần 5,Ngày 4,第5週 (4) – 今晩から明日の朝にかけて,～ 大阪 において,～ 大阪(おおさか) において,Nにおいて,"Tại, ở",Dùng trong trường hợp nói đến thời gian hay địa điểm. Là cách dùng trang trọng hơn so với “で”,"1. 大阪 において、 国際 会議 が 行 われた。
   👉 Hội nghị quốc tế đã được tổ chức ở Osaka
2. 結果 はホームページにおいて 発表 されます。
   👉 Kết quả sẽ được công bố trên trang chủ","1. 大阪(おおさか) において、 国際(こくさい) 会議(かいぎ) が 行(おこな) われた。
   👉 Hội nghị quốc tế đã được tổ chức ở Osaka
2. 結果(けっか) はホームページにおいて 発表(はっぴょう) されます。
   👉 Kết quả sẽ được công bố trên trang chủ",https://www.vnjpclub.com/somatome-n3-ngu-phap/tuan-5-4.html
103,Tuần 5,Ngày 5,第5週 (5) – たとえたかくても,～たとえ 反対 されても,～たとえ 反対(はんたい) されても,たとえ ＋ Vても Aくても A（な）でも Nでも,Giả sử là…đi nữa thì…./ Thậm chí là….thì cũng…,"Dùng khi muốn nhấn mạnh ý khẳng định một sự việc, hành động nào đó bất chấp có điều kiện khác xảy ra","1. たとえ 反対 されても 留学 します。
   👉 Giả sử có bị phản đối đi chăng nữa thì tôi cũng sẽ đi du học
2. たとえ 元気 じゃなくても、 家族 への 手紙 には 元気 だと 書 きます。
   👉 Giả dụ có không khỏe thì trong thư viết cho gia đình cũng sẽ viết là khỏe","1. たとえ 反対(はんたい) されても 留学(りゅうがく) します。
   👉 Giả sử có bị phản đối đi chăng nữa thì tôi cũng sẽ đi du học
2. たとえ 元気(げんき) じゃなくても、 家族(かぞく) への 手紙(てがみ) には 元気(げんき) だと 書(か) きます。
   👉 Giả dụ có không khỏe thì trong thư viết cho gia đình cũng sẽ viết là khỏe",https://www.vnjpclub.com/somatome-n3-ngu-phap/tuan-5-5.html
104,Tuần 5,Ngày 5,第5週 (5) – たとえたかくても,～もしかするとうそかもしれない,～もしかするとうそかもしれない,もしかすると もしかしたら ＋ V／A／N（普通形） N だ ／A な ＋ かもしれない,"Có lẽ là, có khả năng là","Dùng khi miêu tả suy đoán của người nói, thường dựa trên cảm tính","1. もしかすると 彼 の 話 はうそかもしれない。
   👉 Có khả năng câu chuyện của anh ấy là nói dối
2. もしかしたら、 明日 行 けないかもしれません。
   👉 Có lẽ ngày mai sẽ không thể đến được","1. もしかすると 彼(かれ) の 話(はなし) はうそかもしれない。
   👉 Có khả năng câu chuyện của anh ấy là nói dối
2. もしかしたら、 明日(あした) 行(い) けないかもしれません。
   👉 Có lẽ ngày mai sẽ không thể đến được",https://www.vnjpclub.com/somatome-n3-ngu-phap/tuan-5-5.html
105,Tuần 5,Ngày 5,第5週 (5) – たとえたかくても,～ 必 ずしもいいとは 限 らない,～ 必(かなら) ずしもいいとは 限(かぎ) らない,必ずしも ＋ V（普通形） Aい Aな N ＋ とは限らない,Không chắc chắn là/ không nhất thiết là/ Không giới hạn là,"Thường dùng trong trường hợp phủ định một mệnh đề, tình huống nào đó không phải áp dụng cho toàn bộ, không phải dùng cho tất cả các trường hợp","1. （お） 金持 ちが 必 ずしも 幸福 だとは 限 らない。
   👉 Giàu có không có nghĩa chắc chắn là hạnh phúc
2. 高 いものが 必 ずいいものだとは 限 らない。
   👉 Đồ mắc tiền cũng không chắc chắn là đồ tốt","1. （お） 金持(かねも) ちが 必(かなら) ずしも 幸福(こうふく) だとは 限(かぎ) らない。
   👉 Giàu có không có nghĩa chắc chắn là hạnh phúc
2. 高(たか) いものが 必(かなら) ずいいものだとは 限(かぎ) らない。
   👉 Đồ mắc tiền cũng không chắc chắn là đồ tốt",https://www.vnjpclub.com/somatome-n3-ngu-phap/tuan-5-5.html
106,Tuần 5,Ngày 5,第5週 (5) – たとえたかくても,～まるで 夢 のよう,～まるで 夢(ゆめ) のよう,まるで ＋ Nの V（普通形） ＋ よう,"(Hoàn toàn) Cứ như là, giống như là","Dùng trong trường hợp muốn so sánh một sự việc, hành động ở mức cao, tương đương với điều mà người khác không thể hình dung ra nổi, khó tin.","1. 合格 した！まるで 夢 のようだ。
   👉 Đậu rồi! Cứ như là mơ ấy
2. 彼 の 日本語 はまるで 日本人 が 話 しているみたいに 聞 こえる。
   👉 Tiếng Nhật của anh ấy nghe cứ như là người Nhật đang nói chuyện ấy
3. あなたの 言 うことはまるで 理解 できない。
   👉 Điều bạn nói hoàn toàn chẳng thể hiểu được","1. 合格(ごうかく) した！まるで 夢(ゆめ) のようだ。
   👉 Đậu rồi! Cứ như là mơ ấy
2. 彼(かれ) の 日本語(にほんご) はまるで 日本人(にほんじん) が 話(はな) しているみたいに 聞(き) こえる。
   👉 Tiếng Nhật của anh ấy nghe cứ như là người Nhật đang nói chuyện ấy
3. あなたの 言(い) うことはまるで 理解(りかい) できない。
   👉 Điều bạn nói hoàn toàn chẳng thể hiểu được",https://www.vnjpclub.com/somatome-n3-ngu-phap/tuan-5-5.html
107,Tuần 5,Ngày 6,第5週 (6) – ところで,～ 行 きたい。だけど、 行 けない。,～ 行(い) きたい。だけど、 行(い) けない。,A。だけど、B。 A＞＜B,Nhưng mà….,Dùng khi muốn thể hiện ý ngược lại với câu trước (thường là mong muốn),"1. 旅行 に 行 きたい。だけどひまがない。
   👉 Muốn đi du lịch. Nhưng không rảnh
2. よくカラオケに 行 く。だけど 歌 は 下手 だ。
   👉 Thường đi karaoke. Nhưng hát tệ","1. 旅行(りょこう) に 行(い) きたい。だけどひまがない。
   👉 Muốn đi du lịch. Nhưng không rảnh
2. よくカラオケに 行(い) く。だけど 歌(うた) は 下手(へた) だ。
   👉 Thường đi karaoke. Nhưng hát tệ",https://www.vnjpclub.com/somatome-n3-ngu-phap/tuan-5-6.html
108,Tuần 5,Ngày 6,第5週 (6) – ところで,～ 雨 です。ですから、 傘 がいります。,～ 雨(あめ) です。ですから、 傘(かさ) がいります。,＜理由／原因＞。 ＜当然の結果／判断＞。 ＋ ですから（だから）,Vì vậy nên,"Dùng cho câu kết quả, hệ quả của câu trước. Câu đi liền trước thường là câu nêu lý do, phán đoán, kết quả đương nhiên","1. 「 天気 予報 では 午後 から 雨 だそうです。ですから、 傘 を 持 っていったほうがいいですよ。」
   👉 Dựa báo thời tiết nghe nói là sẽ mưa từ chiều. Vì vậy, nên mang dù đi đấy.
2. 明日 から 旅行 に 行 きます。ですから、 申 し 訳 ありませんが、 来週 のパーテイーには 出席 できません。
   👉 Từ ngày mai sẽ đi du lịch. Vì vậy, xin lỗi nhưng mà tôi không thể tham dự bữa tiệc tuần sau được","1. 「 天気(てんき) 予報(よほう) では 午後(ごご) から 雨(あめ) だそうです。ですから、 傘(かさ) を 持(も) っていったほうがいいですよ。」
   👉 Dựa báo thời tiết nghe nói là sẽ mưa từ chiều. Vì vậy, nên mang dù đi đấy.
2. 明日(あした) から 旅行(りょこう) に 行(い) きます。ですから、 申(もう) し 訳(わけ) ありませんが、 来週(らいしゅう) のパーテイーには 出席(しゅっせき) できません。
   👉 Từ ngày mai sẽ đi du lịch. Vì vậy, xin lỗi nhưng mà tôi không thể tham dự bữa tiệc tuần sau được",https://www.vnjpclub.com/somatome-n3-ngu-phap/tuan-5-6.html
109,Tuần 5,Ngày 6,第5週 (6) – ところで,～ 行 く 予定 だった。ところが、 行 けなくなった,～ 行(い) く 予定(よてい) だった。ところが、 行(い) けなくなった,＜予想／予定＞。 ＜予想の結果／事実＞。 ＋ ところが,Nhưng mà,"Thường dùng trong trường hợp phủ định một suy đoán, dự định hoặc suy nghĩ về sự việc, hành động","1. 昨夜 はコンサートに 行 くつもりだった。ところが 病気 で 行 けなくなった。
   👉 Tối qua đã định đi hòa nhạc. Nhưng mà vì bệnh nên đã không thể đi được
2. 田中 さんは 私 より 若 いと 思 っていた。ところが 私 より５ 歳 も 年上 だった。
   👉 Tôi nghĩ là Tanaka trẻ hơn tôi. Nhưng mà hơn tôi đến 5 tuổi lận","1. 昨夜(さくや) はコンサートに 行(い) くつもりだった。ところが 病気(びょうき) で 行(い) けなくなった。
   👉 Tối qua đã định đi hòa nhạc. Nhưng mà vì bệnh nên đã không thể đi được
2. 田中(たなか) さんは 私(わたし) より 若(わか) いと 思(おも) っていた。ところが 私(わたし) より５ 歳(とし) も 年上(としうえ) だった。
   👉 Tôi nghĩ là Tanaka trẻ hơn tôi. Nhưng mà hơn tôi đến 5 tuổi lận",https://www.vnjpclub.com/somatome-n3-ngu-phap/tuan-5-6.html
110,Tuần 5,Ngày 6,第5週 (6) – ところで,～ 明日 は 試験 だ。ところで、 来週 は？,～ 明日(あした) は 試験(しけん) だ。ところで、 来週(らいしゅう) は？,A。ところで、B。,"Nhân tiện thì, nhân dịp này thì","Dùng trong trường hợp muốn đề cập đến một vấn đề khác, đổi chủ đề giữa chừng câu chuyện","1. 「 明日 、 試験 でしょ。がんばってね。ところで、 来週 の 月曜日 は 空 いてる？」
   👉 Ngày mai thi đấy. Cố nhé. Nhân tiện thì thứ hai tuần sau rảnh chứ?
2. もうすぐ、 今年 も 終 わりですね。ところで、お 正月 はどうなさいますか。
   👉 Năm nay sắp sửa kết thúc nhỉ. Nhân tiện thì tháng tết anh định làm gì?","1. 「 明日(あした) 、 試験(しけん) でしょ。がんばってね。ところで、 来週(らいしゅう) の 月曜日(げつようび) は 空(あ) いてる？」
   👉 Ngày mai thi đấy. Cố nhé. Nhân tiện thì thứ hai tuần sau rảnh chứ?
2. もうすぐ、 今年(ことし) も 終(お) わりですね。ところで、お 正月(しょうがつ) はどうなさいますか。
   👉 Năm nay sắp sửa kết thúc nhỉ. Nhân tiện thì tháng tết anh định làm gì?",https://www.vnjpclub.com/somatome-n3-ngu-phap/tuan-5-6.html
111,Tuần 6,Ngày 1,第6週 (1) – もし私じゃなかったら,～もし 受験 していたなら,～もし 受験(じゅけん) していたなら,もし ＋ Vた（な）ら Aかった（な）ら N/A（な）だった（な）ら,Giả sử là…thì….,Dùng khi muốn đưa ra giả thuyết về một sự việc không có thật và hệ quả của sự việc không có thật đó,"1. もし 試験 を 受 けていたなら、 合格 していたと 思 う。
   👉 Giả sử tham gia thi thì tôi nghĩ tôi đã đậu rồi
2. もし 彼 が 社長 でなかったなら、 会社 はつぶれていたと 思 う。
   👉 Nếu anh ấy không phải là giám đốc thì công ty đã sụp đổ rồi
3. もし、 留学 しなかったなら、 今 ごろは 国 で 結婚 しているだろう。
   👉 Nếu đã không đi du học thì bây giờ ở nước tôi chắc đã kết hôn rồi","1. もし 試験(しけん) を 受(う) けていたなら、 合格(ごうかく) していたと 思(おも) う。
   👉 Giả sử tham gia thi thì tôi nghĩ tôi đã đậu rồi
2. もし 彼(かれ) が 社長(しゃちょう) でなかったなら、 会社(かいしゃ) はつぶれていたと 思(おも) う。
   👉 Nếu anh ấy không phải là giám đốc thì công ty đã sụp đổ rồi
3. もし、 留学(りゅうがく) しなかったなら、 今(いま) ごろは 国(くに) で 結婚(けっこん) しているだろう。
   👉 Nếu đã không đi du học thì bây giờ ở nước tôi chắc đã kết hôn rồi",https://www.vnjpclub.com/somatome-n3-ngu-phap/tuan-6-1.html
112,Tuần 6,Ngày 1,第6週 (1) – もし私じゃなかったら,～もし 休 みがたとしても,～もし 休(やす) みがたとしても,もしV/A/N（普通形） ＋ と しても と したって,Giả sử là….thì cũng,Dùng khi nói đến giả định mang tính khả thi thấp,"1. もし 休 みが 取 れたとしても、 旅行 に 行 かないつもりです。
   👉 Giả sử đã lấy được kỳ nghĩ thì cũng không đi du lịch
2. もし、お 金 がたくさんあったとしても、そんなものは 買 わない。
   👉 Giả sử có nhiều tiền thì cũng không mua cái đó
3. もし 決勝戦 に 残 ったとしたって、 優勝 は 難 しいでしょう。
   👉 Giả sử có đến được vòng chung kết thì chiến thắng cũng sẽ rất khó khăn","1. もし 休(やす) みが 取(と) れたとしても、 旅行(りょこう) に 行(い) かないつもりです。
   👉 Giả sử đã lấy được kỳ nghĩ thì cũng không đi du lịch
2. もし、お 金(かね) がたくさんあったとしても、そんなものは 買(か) わない。
   👉 Giả sử có nhiều tiền thì cũng không mua cái đó
3. もし 決勝戦(けっしょうせん) に 残(のこ) ったとしたって、 優勝(ゆうしょう) は 難(むずか) しいでしょう。
   👉 Giả sử có đến được vòng chung kết thì chiến thắng cũng sẽ rất khó khăn",https://www.vnjpclub.com/somatome-n3-ngu-phap/tuan-6-1.html
113,Tuần 6,Ngày 1,第6週 (1) – もし私じゃなかったら,～もしも 生 まれ 変 われるなら,～もしも 生(う) まれ 変(か) われるなら,もしも もしもの場合 もしもの時 ＋ V／A／N（普通形）なら N／（Aな）なら V／A／Nたら V／Aても N／（Aな）でも,"Giả sử, nếu….thì/ thì cũng",Dùng cho trường hợp đưa ra điều kiện giả định,"1. もしも 生 まれ 変 われるなら、 男 になりたい。
   👉 Giả sử được sinh ra lần nữa, tôi muốn là con trai
2. もしも 地震 が 起 きても、この 家 、 丈夫 だから 倒 れないでしょう。
   👉 Dù động đất có xảy ra thì căn nhà này rất vững chắc nên sẽ không thể đổ được
3. あの 子 にもしものことがあったら、どうしよう。
   👉 Nếu có chuyện gì xảy ra với đứa trẻ đó thì làm sao đây?","1. もしも 生(う) まれ 変(か) われるなら、 男(おとこ) になりたい。
   👉 Giả sử được sinh ra lần nữa, tôi muốn là con trai
2. もしも 地震(じしん) が 起(お) きても、この 家(いえ) 、 丈夫(じょうぶ) だから 倒(たお) れないでしょう。
   👉 Dù động đất có xảy ra thì căn nhà này rất vững chắc nên sẽ không thể đổ được
3. あの 子(こ) にもしものことがあったら、どうしよう。
   👉 Nếu có chuyện gì xảy ra với đứa trẻ đó thì làm sao đây?",https://www.vnjpclub.com/somatome-n3-ngu-phap/tuan-6-1.html
114,Tuần 6,Ngày 2,第6週 (2) – 話せることは話せますが,～ 行 われることになっている,～ 行(おこな) われることになっている,Vる Vない ＋ ことになる,Bị/ được/ quy định làm gì,"Dùng khi muốn nhấn mạnh sự việc không phải do bản thân chủ thể quyết định mà do người khác hoặc nhân tố khác tác động, quy định, ra lệnh","1. 明日 、 新 しい 企画 についての 会議 が 行 われることになっている。
   👉 Ngày mai buổi họp về kế hoạch mới được quyết định tổ chức
2. 今度 、 大阪 に 転勤 することになりました。
   👉 Lần này đã được chuyển công tác về Osaka","1. 明日(あした) 、 新(あたら) しい 企画(きかく) についての 会議(かいぎ) が 行(おこな) われることになっている。
   👉 Ngày mai buổi họp về kế hoạch mới được quyết định tổ chức
2. 今度(こんど) 、 大阪(おおさか) に 転勤(てんきん) することになりました。
   👉 Lần này đã được chuyển công tác về Osaka",https://www.vnjpclub.com/somatome-n3-ngu-phap/tuan-6-2.html
115,Tuần 6,Ngày 2,第6週 (2) – 話せることは話せますが,～ジョギングすることにしている,～ジョギングすることにしている,Vる Vない ＋ ことにする,"Cố gắng làm gì, quyết định làm gì","Dùng khi muốn thể hiện ý chủ động của chủ thể trong việc thực hiện hành động là cố gắng, quyết định việc gì","1. 毎朝 、30 分 ジョギングすることにしています。
   👉 Mỗi ngày cố gắng chạy bộ 30 phút
2. 「あれ？ 買 い 物 に 行 かないの？」「うん、 明日 行 くことにした。」
   👉 ""Sao? Không đi mua sắm hả?""""Ừ, đã định ngày mai đi""","1. 毎朝(まいあさ) 、30 分(ぶん) ジョギングすることにしています。
   👉 Mỗi ngày cố gắng chạy bộ 30 phút
2. 「あれ？ 買(か) い 物(もの) に 行(い) かないの？」「うん、 明日(あした) 行(い) くことにした。」
   👉 ""Sao? Không đi mua sắm hả?""""Ừ, đã định ngày mai đi""",https://www.vnjpclub.com/somatome-n3-ngu-phap/tuan-6-2.html
116,Tuần 6,Ngày 2,第6週 (2) – 話せることは話せますが,～ 弾 けることはが・・・,～ 弾(ひ) けることはが・・・,Vることは Vる Aいことは Aい Aなことは Aだ ＋ が けれど,…..thì…..nhưng mà….,"Dùng trong trường hợp muốn giải thích, bày tỏ sự thật thấp hơn, không đến mức độ như đối phương nghĩ","1. ピアノは、 弾 けることは 弾 けますが、うまくありません。
   👉 Piano thì đánh thì biết đánh như mà không giỏi
2. このバッグ、 高 いことは 高 いけれど、すごく 使 いやすいです。
   👉 Cái túi này mắc thì có mắc nhưng mà rất là dễ dùng đấy","1. ピアノは、 弾(ひ) けることは 弾(ひ) けますが、うまくありません。
   👉 Piano thì đánh thì biết đánh như mà không giỏi
2. このバッグ、 高(たか) いことは 高(たか) いけれど、すごく 使(つか) いやすいです。
   👉 Cái túi này mắc thì có mắc nhưng mà rất là dễ dùng đấy",https://www.vnjpclub.com/somatome-n3-ngu-phap/tuan-6-2.html
117,Tuần 6,Ngày 2,第6週 (2) – 話せることは話せますが,～ 食 べないことはない,～ 食(た) べないことはない,Aくない Aじゃない Vない Vられない ＋ ことは ない,không phải là không ….,"Dùng trong trường hợp muốn nói rằng không phải bản thân phủ định sự việc, sự vật mà muốn bày tỏ lý do/ mức độ thấp hơn so với phủ định","1. 鶏肉 は、 食 べないことはないですが、あまり 好 きではありません。
   👉 Thịt gà thì không phải là không ăn mà không thích lắm
2. 「 走 れば 間 に 合 わないことはないよ。 急 ごう！」
   👉 Nếu chạy nhanh thì không có chuyện không kịp đâu. Hãy nhanh lên!","1. 鶏肉(とりにく) は、 食(た) べないことはないですが、あまり 好(す) きではありません。
   👉 Thịt gà thì không phải là không ăn mà không thích lắm
2. 「 走(はし) れば 間(ま) に 合(あ) わないことはないよ。 急(いそ) ごう！」
   👉 Nếu chạy nhanh thì không có chuyện không kịp đâu. Hãy nhanh lên!",https://www.vnjpclub.com/somatome-n3-ngu-phap/tuan-6-2.html
118,Tuần 6,Ngày 3,第6週 (3) – もう少しで乗り遅れるところだった,～ 聞 いたところ,～ 聞(き) いたところ,Vたところ,Sau khi thử làm gì…..,"Dùng trong trường hợp muốn nói đến sự ngạc nhiên, mức độ trầm trọng của vấn đề sau khi thử làm gì đó","1. 先生 に 今度 のテストの 範囲 を 聞 いたところ、10 課 までだと 言 われた。
   👉 Sau khi thử hỏi thầy giáo phạm vi bài kiểm tra lần này thì đã được nói là đến bài 10
2. 歯 が 痛 いので 歯医者 さんに 行 ったところ、ひどい 虫歯 になっていると 言 われた。
   👉 Vì răng đau nên sau khi thử đến nha sĩ thì đã bị nói là đã trở nên sâu nghiêm trọng rồi","1. 先生(せんせい) に 今度(こんど) のテストの 範囲(はんい) を 聞(き) いたところ、10 課(か) までだと 言(い) われた。
   👉 Sau khi thử hỏi thầy giáo phạm vi bài kiểm tra lần này thì đã được nói là đến bài 10
2. 歯(は) が 痛(いた) いので 歯医者(はいしゃ) さんに 行(い) ったところ、ひどい 虫歯(むしば) になっていると 言(い) われた。
   👉 Vì răng đau nên sau khi thử đến nha sĩ thì đã bị nói là đã trở nên sâu nghiêm trọng rồi",https://www.vnjpclub.com/somatome-n3-ngu-phap/tuan-6-3.html
119,Tuần 6,Ngày 3,第6週 (3) – もう少しで乗り遅れるところだった,～もう 少 しで 遅刻 するところだった,～もう 少(すこ) しで 遅刻(ちこく) するところだった,Vるところだった,Suýt chút nữa thì….,"Dùng cho trường hợp muốn bày tỏ cảm xúc đối với sự việc suýt chút nữa là đã xảy ra, đáng lẽ là đã xảy ra (cảm xúc thất vọng, tức giận, buồn bã, nhẹ nhõm….)","1. もう 少 しで 遅刻 するところだった。
   👉 Chỉ suýt chút nữa là trễ rồi
2. あと 少 しで 合格 するところだったのに・・・。
   👉 Chỉ suýt chút nữa là đậu rồi thế mà","1. もう 少(すこ) しで 遅刻(ちこく) するところだった。
   👉 Chỉ suýt chút nữa là trễ rồi
2. あと 少(すこ) しで 合格(ごうかく) するところだったのに・・・。
   👉 Chỉ suýt chút nữa là đậu rồi thế mà",https://www.vnjpclub.com/somatome-n3-ngu-phap/tuan-6-3.html
120,Tuần 6,Ngày 3,第6週 (3) – もう少しで乗り遅れるところだった,～ 注意 されてはじめて,～ 注意(ちゅうい) されてはじめて,Vてはじめて,Làm gì đó thì bắt đầu,"Thường dùng trong trường hợp sau khi thực hiện hành động nào đó thì mới bắt đầu nhận thức được, hiểu được một vấn đề nào đó","1. 先生 に 注意 されてはじめて、 漢字 の 間違 いに 気 が 付 いた。
   👉 được thầy nhắc nhở thì bắt đầu đã nhận ra lỗi sai Hán tự
2. 歌舞伎 を 見 てはじめて、 日本 文化 に 興味 を 持 った。
   👉 Xem ca vũ kịch thì bắt đầu đã có hứng thú với văn hóa Nhật Bản","1. 先生(せんせい) に 注意(ちゅうい) されてはじめて、 漢字(かんじ) の 間違(まちが) いに 気(き) が 付(つ) いた。
   👉 được thầy nhắc nhở thì bắt đầu đã nhận ra lỗi sai Hán tự
2. 歌舞伎(かぶき) を 見(み) てはじめて、 日本(にっぽん) 文化(ぶんか) に 興味(きょうみ) を 持(も) った。
   👉 Xem ca vũ kịch thì bắt đầu đã có hứng thú với văn hóa Nhật Bản",https://www.vnjpclub.com/somatome-n3-ngu-phap/tuan-6-3.html
121,Tuần 6,Ngày 3,第6週 (3) – もう少しで乗り遅れるところだった,～ 明 るいうちに,～ 明(あか) るいうちに,Vている Vない Aい Aな Nの ＋ うちに,"Trong lúc, trong khi","Dùng trong trường hợp thực hiện một hành động nào đó trong một khoảng thời gian không xác định. Khoảng thời gian không xác định này là khoảng thời gian mà một sự việc, tình trạng nào đó vẫn còn tiếp diễn","1. 明 るいうちに 帰 ってきなさい。
   👉 Hãy về nhà trong lúc trời còn sáng
2. 何度 も 聞 いているうちに 歌詞 を 覚 えた。
   👉 Đã nhớ được ca từ trong lúc nghe nhiều lần
3. 忘 れないうちに、メモをしておこう。
   👉 Hãy ghi chú lại trong lúc chưa quên","1. 明(あか) るいうちに 帰(かえ) ってきなさい。
   👉 Hãy về nhà trong lúc trời còn sáng
2. 何度(なんど) も 聞(き) いているうちに 歌詞(かし) を 覚(おぼ) えた。
   👉 Đã nhớ được ca từ trong lúc nghe nhiều lần
3. 忘(わす) れないうちに、メモをしておこう。
   👉 Hãy ghi chú lại trong lúc chưa quên",https://www.vnjpclub.com/somatome-n3-ngu-phap/tuan-6-3.html
122,Tuần 6,Ngày 4,第6週 (4) – できるわけがない,～ 暑 いわけだ,～ 暑(あつ) いわけだ,V/A/N（普通形） A だ な ＋ わけだ,"Hèn chi, chẳng trách là, đương nhiên là,",Dùng khi nói đến sự tất nhiên của kết quả (với giải thích nguyên nhân ở câu trước/sau),"1. 暑 いわけだ。 気温 が36 度 もある。
   👉 Đương nhiên là nóng rồi. Nhiệt độ đến 36 cơ mà
2. 「 田中 さん、 彼女 にふられたらしいよ。」「なるほど、それで、 元 気 がないわけだ。」
   👉 ""Tanaka, dường như bị bạn gái bỏ rồi đấy"" ""Chả trách, hèn chi không có sinh khí gì cả""","1. 暑(あつ) いわけだ。 気温(きおん) が36 度(たび) もある。
   👉 Đương nhiên là nóng rồi. Nhiệt độ đến 36 cơ mà
2. 「 田中(たなか) さん、 彼女(かのじょ) にふられたらしいよ。」「なるほど、それで、 元(もと) 気(き) がないわけだ。」
   👉 ""Tanaka, dường như bị bạn gái bỏ rồi đấy"" ""Chả trách, hèn chi không có sinh khí gì cả""",https://www.vnjpclub.com/somatome-n3-ngu-phap/tuan-6-4.html
123,Tuần 6,Ngày 4,第6週 (4) – できるわけがない,～きらいなわけではない,～きらいなわけではない,V/A/N（普通形） A だ な ＋ わけではない,"Không phải là, không hẳn là","Dùng khi giải thích về sự việc không ở mức độ cao, trầm trọng như đối phương suy nghĩ, suy luận ra.","1. きらいなわけではないが、 肉 はあまり 食 べない。
   👉 Không phải là ghét mà là tôi ít ăn thịt
2. テレビは 見 ないわけではないが、 音楽 を 聴 いているほうが 多 い。
   👉 Không phải là không xem tivi mà thường nghe nhạc hơn","1. きらいなわけではないが、 肉(にく) はあまり 食(た) べない。
   👉 Không phải là ghét mà là tôi ít ăn thịt
2. テレビは 見(み) ないわけではないが、 音楽(おんがく) を 聴(き) いているほうが 多(おお) い。
   👉 Không phải là không xem tivi mà thường nghe nhạc hơn",https://www.vnjpclub.com/somatome-n3-ngu-phap/tuan-6-4.html
124,Tuần 6,Ngày 4,第6週 (4) – できるわけがない,～ 勝 てるわけがない,～ 勝(か) てるわけがない,V/A/N（普通形） A だ な ＋ わけがない わけはない,"Không lý nào, không thể nào có khả năng, chắc chắn",Thường dùng trong trường hợp khẳng định một sự việc nào đó không thể nào xảy ra được (dựa trên căn cứ của bản thân),"1. あの 強 い 相手 に 勝 てるわけがない。
   👉 Không lý nào mà thắng được đối thủ mạnh thế kia
2. 「このパン、 古 くない？」「 古 いわけないよ。 昨日 買 ったんだから。」
   👉 ""Bánh mì này, chẳng phải cũ rồi sao?""""Không lý nào mà cũ. Mới mua hôm qua mà.""","1. あの 強(つよ) い 相手(あいて) に 勝(か) てるわけがない。
   👉 Không lý nào mà thắng được đối thủ mạnh thế kia
2. 「このパン、 古(ふる) くない？」「 古(ふる) いわけないよ。 昨日(きのう) 買(か) ったんだから。」
   👉 ""Bánh mì này, chẳng phải cũ rồi sao?""""Không lý nào mà cũ. Mới mua hôm qua mà.""",https://www.vnjpclub.com/somatome-n3-ngu-phap/tuan-6-4.html
125,Tuần 6,Ngày 4,第6週 (4) – できるわけがない,～ 休 むわけにはいかない,～ 休(やす) むわけにはいかない,V（普通形） ＋ わけには いかない わけにも いかない,"Bắt buộc phải, đành phải, không thể không",Dùng trong trường hợp muốn biểu lộ cảm xúc bị buộc phải làm một hành động nào đó (dù không muốn) do tình thế bắt buộc,"1. 大事 な 会議 があるから、 休 むわけにはいかない。
   👉 Vì có cuộc họp quan trọng nên không thể nghỉ được
2. 社長 の 命令 だから、 従 わないわけにはいかない。
   👉 Vì là lệnh của giám đốc nên phải tuân lệnh thôi","1. 大事(だいじ) な 会議(かいぎ) があるから、 休(やす) むわけにはいかない。
   👉 Vì có cuộc họp quan trọng nên không thể nghỉ được
2. 社長(しゃちょう) の 命令(めいれい) だから、 従(したが) わないわけにはいかない。
   👉 Vì là lệnh của giám đốc nên phải tuân lệnh thôi",https://www.vnjpclub.com/somatome-n3-ngu-phap/tuan-6-4.html
126,Tuần 6,Ngày 5,第6週 (5) – めったに行かない,～ 決 してあきらめない,～ 決(けっ) してあきらめない,決して ＋ Vない Aくない A（な）でない Nでない,"Nhất quyết không, nhất định không, tuyệt đối không",Dùng khi muốn thể hiện quyết tâm không thực hiện một hành động nào đó,"1. 私 は 決 して 夢 をあきらめません。
   👉 Tôi nhất quyết không từ bỏ ước mơ
2. 「うそは 決 して 申 しません。」と 彼 は 言 った。
   👉 Anh ấy đã nói ""Tuyệt đối không nói dối""","1. 私(わたし) は 決(けっ) して 夢(ゆめ) をあきらめません。
   👉 Tôi nhất quyết không từ bỏ ước mơ
2. 「うそは 決(けっ) して 申(もう) しません。」と 彼(かれ) は 言(い) った。
   👉 Anh ấy đã nói ""Tuyệt đối không nói dối""",https://www.vnjpclub.com/somatome-n3-ngu-phap/tuan-6-5.html
127,Tuần 6,Ngày 5,第6週 (5) – めったに行かない,～まったく 泳 げない,～まったく 泳(およ) げない,まったく ＋ Vない Aくない A（な）でない,Hoàn toàn không,"Dùng khi khẳng định sự vật, sự việc hoàn toàn không có, không thể xảy ra.","1. 私 はまったく 泳 げない。
   👉 Tôi hoàn toàn không thể bơi được
2. 彼 が 怒 っている 理由 は、 私 にはまったくわからない。
   👉 Lý do anh ấy nổi giận thì với tôi hoàn toàn chẳng hiểu được
3. 前 とは 違 うまったく 新 しい 計画 を 立 てた。
   👉 Đã làm kế hoạch mới hoàn toàn khác với trước đây","1. 私(わたし) はまったく 泳(およ) げない。
   👉 Tôi hoàn toàn không thể bơi được
2. 彼(かれ) が 怒(いか) っている 理由(りゆう) は、 私(わたし) にはまったくわからない。
   👉 Lý do anh ấy nổi giận thì với tôi hoàn toàn chẳng hiểu được
3. 前(まえ) とは 違(ちが) うまったく 新(あたら) しい 計画(けいかく) を 立(た) てた。
   👉 Đã làm kế hoạch mới hoàn toàn khác với trước đây",https://www.vnjpclub.com/somatome-n3-ngu-phap/tuan-6-5.html
128,Tuần 6,Ngày 5,第6週 (5) – めったに行かない,～めったにない,～めったにない,Nはめったにない めったにVない,Hiếm khi,"Thường dùng trong trường hợp số lượng của sự vật, sự việc rất ít, hầu như hiếm khi có được, xảy ra","1. こんなチャンスはめったにないよ。
   👉 Cơ hội thế này là hiếm có lắm đấy
2. 忙 しくてめったに 休 みが 取 れない。
   👉 Vì bận nên hiếm khi mà nghỉ được","1. こんなチャンスはめったにないよ。
   👉 Cơ hội thế này là hiếm có lắm đấy
2. 忙(いそが) しくてめったに 休(やす) みが 取(と) れない。
   👉 Vì bận nên hiếm khi mà nghỉ được",https://www.vnjpclub.com/somatome-n3-ngu-phap/tuan-6-5.html
129,Tuần 6,Ngày 5,第6週 (5) – めったに行かない,～ 少 しもわからない,～ 少(すこ) しもわからない,少しも ちっとも ＋ Vない Aくない A（な）でない,"Một chút cũng không, hoàn toàn không",Dùng nhấn mạnh sự phủ định,"1. あの 人 が 話 す 英語 は 少 しもわからない。
   👉 Thứ tiếng Anh mà người kia nói tôi một chút cũng chẳng hiểu
2. スタイルのことは、 少 しも 気 にならない。
   👉 Về style thì tôi chẳng quan tâm
3. 日本語 は 少 ししか 話 せません。
   👉 Chỉ có thể nói được một ít tiếng Nhật","1. あの 人(ひと) が 話(はな) す 英語(えいご) は 少(すこ) しもわからない。
   👉 Thứ tiếng Anh mà người kia nói tôi một chút cũng chẳng hiểu
2. スタイルのことは、 少(すこ) しも 気(き) にならない。
   👉 Về style thì tôi chẳng quan tâm
3. 日本語(にほんご) は 少(すこ) ししか 話(はな) せません。
   👉 Chỉ có thể nói được một ít tiếng Nhật",https://www.vnjpclub.com/somatome-n3-ngu-phap/tuan-6-5.html
130,Tuần 6,Ngày 6,第6週 (6) – その上,～トマト3 個 。それとピーマンも。,～トマト3 個(こ) 。それとピーマンも。,A。それと B。 A。あと B。 （＝それから）,Và rồi,"Dùng khi muốn thêm, gia tăng số lượng của sự vật, sự việc, con người.","1. レタスひとつとトマトを3 個 ください。それと、ピーマンも１ 袋 ください。
   👉 Cho tôi 1 bó rau diếp và 3 quả cà chua. Và 1 túi ớt.
2. 言 われたことはしました。あと、 何 をすればいいですか。
   👉 Tôi đã làm những gì được bảo. Và tôi nên làm gì khác nữa?
3. 「 今日 はこれで 全員 かな。」「あと、 田中 さんが 来 ると 思 います。」
   👉 ""Hôm nay thì ở đây là toàn bộ nhân viên rồi hay sao nhỉ""""Tôi nghĩ vẫn còn Tanaka sắp đến""","1. レタスひとつとトマトを3 個(こ) ください。それと、ピーマンも１ 袋(ふくろ) ください。
   👉 Cho tôi 1 bó rau diếp và 3 quả cà chua. Và 1 túi ớt.
2. 言(い) われたことはしました。あと、 何(なに) をすればいいですか。
   👉 Tôi đã làm những gì được bảo. Và tôi nên làm gì khác nữa?
3. 「 今日(きょう) はこれで 全員(ぜんいん) かな。」「あと、 田中(たなか) さんが 来(く) ると 思(おも) います。」
   👉 ""Hôm nay thì ở đây là toàn bộ nhân viên rồi hay sao nhỉ""""Tôi nghĩ vẫn còn Tanaka sắp đến""",https://www.vnjpclub.com/somatome-n3-ngu-phap/tuan-6-6.html
131,Tuần 6,Ngày 6,第6週 (6) – その上,～コーヒー？それとも 紅茶 ？,～コーヒー？それとも 紅茶(こうちゃ) ？,A？それとも B？ （＝あるいは／または）,"Hay là, hoặc là","Dùng khi muốn liên kết hai câu hỏi, nhằm đưa ra nhiều sự lựa chọn cho đối phương","1. コーヒーにしますか。それとも 紅茶 にしますか。
   👉 Uống cà phê? Hay là uống trà?
2. 来週 にしましょうか。それとも 再来週 がいいですか。
   👉 Quyết định tuần sau nhé. Hay là tuần sau nữa thì được?
3. 話 し 合 って 決 めましょうか。それとも 私 が 決 めてしまってもいいですか。
   👉 Bàn bạc rồi quyết định? Hay là tôi tự quyết cũng được?","1. コーヒーにしますか。それとも 紅茶(こうちゃ) にしますか。
   👉 Uống cà phê? Hay là uống trà?
2. 来週(らいしゅう) にしましょうか。それとも 再来週(さらいしゅう) がいいですか。
   👉 Quyết định tuần sau nhé. Hay là tuần sau nữa thì được?
3. 話(はな) し 合(あ) って 決(き) めましょうか。それとも 私(わたし) が 決(き) めてしまってもいいですか。
   👉 Bàn bạc rồi quyết định? Hay là tôi tự quyết cũng được?",https://www.vnjpclub.com/somatome-n3-ngu-phap/tuan-6-6.html
132,Tuần 6,Ngày 6,第6週 (6) – その上,～おいしい。その 上 。,～おいしい。その 上(うえ) 。,A。その 上 B。（＝それに）,"Thêm vào đó, hơn nữa","Thường dùng trong trường hợp muốn bổ sung một đặc điểm nữa của sự vật, sự việc, con người. Thường dùng với hàm ý khen ngợi, nâng cao hơn nữa.","1. この 店 の 料理 はおいしい。その 上 値段 も 安 い。
   👉 Món ăn tiệm này ngon. Hơn nữa giá cũng rẻ
2. 彼 は、 頭 がいい。その 上 スポーツも 何 でもできる。
   👉 Anh ta thì đầu óc thông minh. Hơn nữa cả thể thao, bất cứ cái gì cũng làm được","1. この 店(みせ) の 料理(りょうり) はおいしい。その 上(うえ) 値段(ねだん) も 安(やす) い。
   👉 Món ăn tiệm này ngon. Hơn nữa giá cũng rẻ
2. 彼(かれ) は、 頭(あたま) がいい。その 上(うえ) スポーツも 何(なん) でもできる。
   👉 Anh ta thì đầu óc thông minh. Hơn nữa cả thể thao, bất cứ cái gì cũng làm được",https://www.vnjpclub.com/somatome-n3-ngu-phap/tuan-6-6.html
